regName,regCode,source,is_chemo,is_immuno,is_targeted,is_endocrine,is_supportive,anticancer,hemonc_modalities,class_eau,class_hemonc_mbc,class_any,accepted_uses,status
4d+7,110391,hemonc,1,0,0,0,0,1,Chemotherapy,other,other,other,,carried
4i+7,110392,hemonc,1,0,0,0,0,1,Chemotherapy,other,other,other,,carried
5+2d,1002,hemonc,1,0,0,0,0,1,Chemotherapy,other,other,other,Acute myeloid leukemia,carried
5+2i,119537,hemonc,1,0,0,0,0,1,Chemotherapy,other,other,other,Acute myeloid leukemia,carried
5+3d,1932,hemonc,1,0,0,0,0,1,Chemotherapy,other,other,other,Acute myeloid leukemia,carried
5+3i,1939,hemonc,1,0,0,0,0,1,Chemotherapy,other,other,other,Acute myeloid leukemia,carried
7+3d,814,hemonc,1,0,0,0,1,1,Chemotherapy; Supportive therapy,other,other,other,Acute myeloid leukemia; Acute myeloid leukemia pediatric; FLT3 Acute myeloid leukemia,carried
7+3d and GO,1093,hemonc,1,0,1,0,0,1,Antibody-drug conjugate therapy; Chemotherapy,other,other,other,Acute myeloid leukemia,carried
7+3d and Midostaurin,1889,hemonc,1,0,1,0,1,1,Chemotherapy; Supportive therapy; Targeted therapy,other,other,other,Acute myeloid leukemia; FLT3 Acute myeloid leukemia,carried
7+3d and Quizartinib,41857,hemonc,1,0,1,0,0,1,Chemotherapy; Targeted therapy,other,other,other,Acute myeloid leukemia; FLT3 Acute myeloid leukemia,carried
7+3d and Sorafenib,1892,hemonc,1,0,1,0,0,1,Chemotherapy; Targeted therapy,other,other,other,Acute myeloid leukemia; FLT3 Acute myeloid leukemia,carried
7+3i,1095,hemonc,1,0,0,0,0,1,Chemotherapy,other,other,other,Acute myeloid leukemia; FLT3 Acute myeloid leukemia,carried
7+3i and Panobinostat,1965,hemonc,1,0,1,0,0,1,Chemotherapy; Targeted therapy,other,other,other,Acute myeloid leukemia,carried
7+3i and Quizartinib,42055,hemonc,1,0,1,0,0,1,Chemotherapy; Targeted therapy,other,other,other,Acute myeloid leukemia; FLT3 Acute myeloid leukemia,carried
7+3i and Sorafenib,1153,hemonc,1,0,1,0,0,1,Chemotherapy; Targeted therapy,other,other,other,Acute myeloid leukemia,carried
7+3i and Vorinostat,1974,hemonc,1,0,1,0,1,1,Chemotherapy; Supportive therapy; Targeted therapy,other,other,other,Acute myeloid leukemia,carried
7+3m,1174,hemonc,1,0,0,0,0,1,Chemotherapy,other,other,other,Acute myeloid leukemia; B-cell acute lymphoblastic leukemia,carried
7+5i,1982,hemonc,1,0,0,0,0,1,Chemotherapy,other,other,other,Acute myeloid leukemia,carried
A-AVD,22609,hemonc,1,0,1,0,0,1,Antibody-drug conjugate therapy; Chemotherapy,other,other,other,Classical Hodgkin lymphoma,carried
A-CMF,15543,hemonc,1,0,0,0,0,1,Chemotherapy,other,other,other,Breast cancer,carried
AALL0232 consolidation,4826,hemonc,1,0,0,0,0,1,Chemotherapy,other,other,other,B-cell acute lymphoblastic leukemia; B-cell acute lymphoblastic leukemia pediatric,carried
AALL0932 delayed intensification,31766,hemonc,1,0,0,0,1,1,Chemotherapy; Glucocorticoid therapy,other,other,other,B-cell acute lymphoblastic leukemia pediatric,carried
Abarelix monotherapy,5611,hemonc,0,0,0,1,0,0,Endocrine therapy,other,other,other,Prostate cancer,carried
ABC,25325,hemonc,1,0,1,0,0,1,Chemotherapy; Targeted therapy,other,other,carboplatin,Melanoma,carried
ABCM,27774,hemonc,1,0,0,0,0,1,Chemotherapy,other,other,other,Multiple myeloma,carried
ABCP,29978,hemonc,1,1,1,0,0,1,Chemotherapy; Immunotherapy; Targeted therapy,other,other,carboplatin,Cervical cancer; EGFR Non-small cell lung cancer; Non-small cell lung cancer; Non-small cell lung cancer nonsquamous,carried
ABDIC,23590,hemonc,1,0,0,0,1,1,Chemotherapy; Glucocorticoid therapy,other,other,other,Classical Hodgkin lymphoma,carried
Abemaciclib and Anastrozole,8865,hemonc,0,0,1,1,0,1,Endocrine therapy; Targeted therapy,other,other,other,Breast cancer; ER Breast cancer,carried
Abemaciclib and Fulvestrant,9212,hemonc,0,0,1,1,0,1,Endocrine therapy; Targeted therapy,other,other,other,Breast cancer; ER Breast cancer,carried
Abemaciclib and Letrozole,8872,hemonc,0,0,1,1,0,1,Endocrine therapy; Targeted therapy,other,other,other,Breast cancer; ER Breast cancer,carried
Abemaciclib monotherapy,7939,hemonc,0,0,1,0,0,1,Targeted therapy,other,other,other,Breast cancer; ER Breast cancer,carried
ABP,16661,hemonc,1,0,0,0,1,1,Chemotherapy; Glucocorticoid therapy,other,other,other,Diffuse large B-cell lymphoma,carried
ABV (Vinblastine),37989,hemonc,1,0,0,0,0,1,Chemotherapy,other,other,other,Kaposi sarcoma,carried
ABV (Vincristine),37996,hemonc,1,0,0,0,1,1,Chemotherapy; Supportive therapy,other,other,other,Kaposi sarcoma,carried
ABVD,22450,hemonc,1,0,0,0,0,1,Chemotherapy,other,other,other,Classical Hodgkin lymphoma; Hodgkin lymphoma nodular lymphocyte-predominant,carried
"ABVD, DD-DI",22776,hemonc,1,0,0,0,1,1,Chemotherapy; Supportive therapy,other,other,other,Classical Hodgkin lymphoma,carried
ABVDm,23404,hemonc,1,0,0,0,1,1,Chemotherapy; Glucocorticoid therapy,other,other,other,Classical Hodgkin lymphoma,carried
ABVE,9725,hemonc,1,0,0,0,1,1,Chemotherapy; Supportive therapy,other,other,other,Classical Hodgkin lymphoma pediatric,carried
AC-CMF,18601,hemonc,1,0,0,0,0,1,Chemotherapy,other,other,other,Breast cancer,carried
AC-D,1091,hemonc,1,0,0,0,0,1,Chemotherapy,other,other,other,Breast cancer; ERBB2 Breast cancer,carried
AC-H,45138,hemonc,1,0,1,0,0,1,Chemotherapy; Targeted therapy,other,other,other,Breast cancer; ERBB2 Breast cancer,carried
AC-T,47375,hemonc,1,0,0,0,0,1,Chemotherapy,other,other,other,Breast cancer; ERBB2 Breast cancer; TNBC Breast cancer,carried
AC-TH (Docetaxel),37198,hemonc,1,0,1,0,0,1,Chemotherapy; Targeted therapy,other,other,other,Breast cancer; ERBB2 Breast cancer,carried
AC-TH (Paclitaxel),37298,hemonc,1,0,1,0,0,1,Chemotherapy; Targeted therapy,other,other,other,Breast cancer; ERBB2 Breast cancer,carried
AC-THL (Paclitaxel),45233,hemonc,1,0,1,0,0,1,Chemotherapy; Targeted therapy,other,other,other,Breast cancer; ERBB2 Breast cancer,carried
AC-TL (Paclitaxel),75745,hemonc,1,0,1,0,0,1,Chemotherapy; Targeted therapy,other,other,other,Breast cancer; ERBB2 Breast cancer,carried
Acalabrutinib and Obinutuzumab,1354,hemonc,0,0,1,0,0,1,Targeted therapy,other,other,other,Chronic lymphocytic leukemia,carried
Acalabrutinib and Venetoclax,11348,hemonc,0,0,1,0,0,1,Targeted therapy,other,other,other,,carried
Acalabrutinib monotherapy,12460,hemonc,0,0,1,0,0,1,Targeted therapy,other,other,other,Chronic lymphocytic leukemia; Mantle cell lymphoma,carried
Accelerated BEP,37316,hemonc,1,0,0,0,1,1,Chemotherapy; Supportive therapy,other,other,cisplatin,Testicular cancer,carried
ACEP,139560,hemonc,1,0,0,0,1,1,Chemotherapy; Glucocorticoid therapy; Supportive therapy,other,other,other,Diffuse large B-cell lymphoma,carried
ACH,9569,hemonc,1,0,1,0,0,1,Chemotherapy; Targeted therapy,other,other,other,Breast cancer; ERBB2 Breast cancer,carried
ACOMLA,16674,hemonc,1,0,0,0,0,1,Chemotherapy,other,other,other,Diffuse large B-cell lymphoma,carried
ACT,9935,hemonc,1,0,0,1,0,1,Chemotherapy; Endocrine therapy,other,other,other,Breast cancer; ER Breast cancer,carried
ACVBP (Methylprednisolone),29033,hemonc,1,0,0,0,1,1,Chemotherapy; Glucocorticoid therapy,other,other,other,Diffuse large B-cell lymphoma,carried
"ACVBP, dose-adjusted",33597,hemonc,1,0,0,0,1,1,Chemotherapy; Glucocorticoid therapy,other,other,other,Post-transplant lymphoproliferative disorder,carried
Adagrasib and Cetuximab,116565,hemonc,0,0,1,0,0,1,Targeted therapy,other,other,other,Colorectal cancer; KRAS Colorectal cancer,carried
Adagrasib monotherapy,110420,hemonc,0,0,1,0,0,1,Targeted therapy,other,other,other,Colorectal cancer; KRAS Colorectal cancer; KRAS Non-small cell lung cancer; Non-small cell lung cancer,carried
ADE (high-dose Ara-C),1245,hemonc,1,0,0,0,0,1,Chemotherapy,other,other,other,Acute myeloid leukemia; Acute myeloid leukemia pediatric,carried
ADE (standard-dose Ara-C),1175,hemonc,1,0,0,0,0,1,Chemotherapy,other,other,other,Acute myeloid leukemia; Acute myeloid leukemia pediatric,carried
ADE and GO,3117,hemonc,1,0,1,0,0,1,Antibody-drug conjugate therapy; Chemotherapy,other,other,other,Acute myeloid leukemia pediatric,carried
ADOC,37683,hemonc,1,0,0,0,0,1,Chemotherapy,other,other,cisplatin,Thymoma,carried
ADT and Rezvilutamide,11516,none,,,,0,,0,,other,other,other,,carried
Afatinib and Bevacizumab,24534,hemonc,0,0,1,0,0,1,Targeted therapy,other,other,other,EGFR Non-small cell lung cancer; Non-small cell lung cancer,carried
Afatinib and Cetuximab,24580,hemonc,0,0,1,0,0,1,Targeted therapy,other,other,other,EGFR Non-small cell lung cancer; Non-small cell lung cancer,carried
Afatinib and Paclitaxel,30435,hemonc,1,0,1,0,0,1,Chemotherapy; Targeted therapy,other,other,other,Non-small cell lung cancer,carried
Afatinib monotherapy,10705,hemonc,0,0,1,0,0,1,Targeted therapy,other,other,other,EGFR Non-small cell lung cancer; Head and neck cancer; Non-small cell lung cancer; Non-small cell lung cancer squamous,carried
AIE,1294,hemonc,1,0,0,0,0,1,Chemotherapy,other,other,other,Acute myeloid leukemia; Acute myeloid leukemia pediatric,carried
Alectinib monotherapy,10668,hemonc,0,0,1,0,0,1,Targeted therapy,other,other,other,ALK Non-small cell lung cancer; Non-small cell lung cancer,carried
Alemtuzumab and Methylprednisolone,12090,hemonc,0,0,1,0,1,1,Glucocorticoid therapy; Targeted therapy,other,other,other,Chronic lymphocytic leukemia,carried
Alemtuzumab monotherapy,2712,hemonc,0,0,1,0,1,1,Immunosuppressive therapy; Supportive therapy; Targeted therapy,other,other,other,Adult T-cell leukemia-lymphoma; Autoimmune cytopenia; Chronic lymphocytic leukemia; Cutaneous T-cell lymphoma; Hypereosinophilic syndrome; Myelodysplastic syndrome; T-cell prolymphocytic leukemia; Waldenstroem macroglobulinemia,carried
Alitretinoin monotherapy,21632,atc,,,,0,,1,,other,other,other,Kaposi sarcoma,carried
Alpelisib and Fulvestrant,10413,hemonc,0,0,1,1,0,1,Endocrine therapy; Targeted therapy,other,other,other,Breast cancer; PIK3CA Breast cancer,carried
Altretamine and Cisplatin (HD),32484,hemonc,1,0,0,0,0,1,Chemotherapy,other,other,cisplatin,Ovarian cancer,carried
Altretamine monotherapy,31796,hemonc,1,0,0,0,0,1,Chemotherapy,other,other,other,Ovarian cancer,carried
Aminoglutethimide monotherapy,10233,hemonc,0,0,0,1,1,0,Endocrine therapy; Supportive therapy,other,other,other,Breast cancer; ER Breast cancer,carried
Amivantamab monotherapy,29758,hemonc,0,0,1,0,0,1,Targeted therapy,other,other,other,EGFR Non-small cell lung cancer; Non-small cell lung cancer,carried
Amoxicillin and Omemprazole,11874,hemonc,0,0,0,0,1,0,Antibiotic therapy,other,other,other,MALT lymphoma,carried
"Amoxicillin, Clarithromycin, PPI, Bismuth",12012,hemonc,0,0,0,0,1,0,Antibiotic therapy,other,other,other,MALT lymphoma,carried
Amrubicin monotherapy,30443,hemonc,1,0,0,0,1,1,Chemotherapy; Supportive therapy,other,other,other,Non-small cell lung cancer; Small cell lung cancer,carried
Amsacrine and HiDAC,32042,hemonc,1,0,0,0,0,1,Chemotherapy,other,other,other,Acute myeloid leukemia,carried
Anagrelide monotherapy,18540,hemonc,0,0,0,0,1,0,Anticoagulation; Supportive therapy,other,other,other,Essential thrombocythemia; Polycythemia vera,carried
Anakinra monotherapy,49792,hemonc,0,0,0,0,1,0,Immunosuppressive therapy,other,other,other,Castleman disease,carried
Anastrozole and Fulvestrant,8927,hemonc,0,0,0,1,0,0,Endocrine therapy,other,other,other,Breast cancer; ER Breast cancer,carried
Anastrozole and Goserelin,8298,hemonc,0,0,0,1,0,0,Endocrine therapy,other,other,other,Breast cancer; ER Breast cancer,carried
Anastrozole and Palbociclib,47395,hemonc,0,0,1,1,0,1,Endocrine therapy; Targeted therapy,other,other,other,Breast cancer; ER Breast cancer,carried
Anastrozole and Ribociclib,139653,hemonc,0,0,1,1,0,1,Endocrine therapy; Targeted therapy,other,other,other,Breast cancer; ER Breast cancer,carried
Anastrozole and Trastuzumab,9203,hemonc,0,0,1,1,0,1,Endocrine therapy; Targeted therapy,other,other,other,Breast cancer; ER|ERBB2 Breast cancer,carried
Anastrozole monotherapy,8277,hemonc,0,0,0,1,0,0,Endocrine therapy,other,other,other,Breast cancer; Endometrial cancer; ER Breast cancer; ER|ERBB2 Breast cancer,carried
"Anastrozole, Goserelin, Palbociclib",37083,hemonc,0,0,1,1,0,1,Endocrine therapy; Targeted therapy,other,other,other,Breast cancer; ER Breast cancer,carried
"Anastrozole, Goserelin, Ribociclib",8928,hemonc,0,0,1,1,0,1,Endocrine therapy; Targeted therapy,other,other,other,Breast cancer; ER Breast cancer,carried
"Anastrozole, Lapatinib, Trastuzumab",1159,hemonc,0,0,1,1,0,1,Endocrine therapy; Targeted therapy,other,other,other,Breast cancer; ER|ERBB2 Breast cancer,carried
Anlotinib and Gefitinib,142011,hemonc,0,0,1,0,0,1,Targeted therapy,other,other,other,,carried
Anlotinib monotherapy,37124,hemonc,0,0,1,0,0,1,Targeted therapy,other,other,other,Non-small cell lung cancer,carried
Apalutamide monotherapy,34521,hemonc,0,0,0,1,0,0,Endocrine therapy,other,other,other,Prostate cancer,carried
Apatinib and Camrelizumab,121213,hemonc,0,1,1,0,0,1,Immunotherapy; Targeted therapy,other,other,other,Hepatocellular carcinoma,carried
Apatinib and Gefitinib,22695,hemonc,0,0,1,0,0,1,Targeted therapy,other,other,other,EGFR Non-small cell lung cancer; Non-small cell lung cancer,carried
Apatinib monotherapy,18202,hemonc,0,0,1,0,0,1,Targeted therapy,other,other,other,Esophageal adenocarcinoma; Gastric cancer; Hepatocellular carcinoma; Thyroid cancer differentiated,carried
Apixaban monotherapy,38069,hemonc,0,0,0,0,1,0,Anticoagulation,other,other,other,Venous thromboembolism,carried
APO,3444,hemonc,1,0,0,0,1,1,Chemotherapy; Glucocorticoid therapy,other,other,other,Anaplastic large cell lymphoma pediatric,carried
Arsenic trioxide and ATRA,2295,hemonc,0,0,1,0,1,1,Supportive therapy; Targeted therapy,other,other,other,Acute promyelocytic leukemia,carried
Arsenic trioxide and Chlorambucil,24774,hemonc,1,0,1,0,1,1,Chemotherapy; Supportive therapy; Targeted therapy,other,other,other,Mantle cell lymphoma,carried
Arsenic trioxide monotherapy,2277,hemonc,0,0,1,0,0,1,Targeted therapy,other,other,other,Acute promyelocytic leukemia,carried
Arsenic trioxide-ATRA and Daunorubicin,2391,hemonc,1,0,1,0,0,1,Chemotherapy; Targeted therapy,other,other,other,Acute promyelocytic leukemia,carried
"Arsenic trioxide, ATRA, Gemtuzumab ozogamicin",2348,hemonc,0,0,1,0,1,1,Antibody-drug conjugate therapy; Supportive therapy; Targeted therapy,other,other,other,Acute promyelocytic leukemia,carried
"Arsenic trioxide, ATRA, Idarubicin",2351,hemonc,1,0,1,0,1,1,Chemotherapy; Supportive therapy; Targeted therapy,other,other,other,Acute promyelocytic leukemia,carried
Asciminib monotherapy,26244,hemonc,0,0,1,0,0,1,Targeted therapy,other,other,other,Chronic myeloid leukemia,carried
AspaMetDex,18834,hemonc,1,0,0,0,1,1,Chemotherapy; Glucocorticoid therapy; Supportive therapy,other,other,other,NK- and T-cell lymphoma,carried
AspaMetDex (Erwinaze),1011,hemonc,1,0,0,0,1,1,Chemotherapy; Glucocorticoid therapy; Supportive therapy,other,other,other,NK- and T-cell lymphoma,carried
Aspirin and Anagrelide,18554,hemonc,0,0,0,0,1,0,Anticoagulation,other,other,other,Essential thrombocythemia,carried
Aspirin and Dexamethasone,34895,hemonc,0,0,0,0,1,0,Endocrine therapy; Supportive therapy,other,other,other,Prostate cancer,carried
Aspirin and Hydroxyurea,18562,hemonc,1,0,0,0,1,1,Chemotherapy; Supportive therapy,other,other,other,Essential thrombocythemia,carried
Aspirin and Warfarin,16143,hemonc,0,0,0,0,1,0,Anticoagulation,other,other,other,Antiphospholipid antibody syndrome,carried
Aspirin monotherapy,33540,hemonc,0,0,0,0,1,0,Anticoagulation,other,other,other,Polycythemia vera; Venous thromboembolism,carried
AT-CMF,121240,hemonc,1,0,0,0,0,1,Chemotherapy,other,other,other,Breast cancer,carried
Atezolizumab and Bevacizumab,29980,hemonc,0,1,1,0,0,1,Immunotherapy; Targeted therapy,other,other,other,Hepatocellular carcinoma; Malignant peritoneal mesothelioma; Renal cell carcinoma,carried
Atezolizumab monotherapy,5450,hemonc,0,1,0,0,0,1,Immunotherapy,pdl1_mono,pdl1_mono,pdl1_mono,Alveolar soft part sarcoma; Colorectal cancer; MSI-H Colorectal cancer; Non-small cell lung cancer; Non-small cell lung cancer nonsquamous; Non-small cell lung cancer squamous; Urothelial carcinoma,carried
ATG (Horse) and Cyclosporine,3587,hemonc,0,0,0,0,1,0,Immunosuppressive therapy; Supportive therapy,other,other,other,Aplastic anemia; Myelodysplastic syndrome,carried
ATG (Horse) monotherapy,28203,hemonc,0,0,0,0,1,0,Immunosuppressive therapy; Supportive therapy,other,other,other,Myelodysplastic syndrome,carried
ATG (Rabbit) monotherapy,28215,hemonc,0,0,0,0,1,0,Immunosuppressive therapy; Supportive therapy,other,other,other,Graft versus host disease; Myelodysplastic syndrome,carried
ATRA and Danazol,23881,hemonc,0,0,1,0,0,1,Endocrine therapy; Targeted therapy,other,other,other,Immune thrombocytopenia,carried
ATRA and Daunorubicin,2392,hemonc,1,0,1,0,0,1,Chemotherapy; Targeted therapy,other,other,other,Acute promyelocytic leukemia,carried
ATRA monotherapy,2358,hemonc,0,0,1,0,0,1,Targeted therapy,other,other,other,Acute promyelocytic leukemia,carried
"ATRA, Mercaptopurine, Methotrexate",2471,hemonc,1,0,1,0,0,1,Chemotherapy; Targeted therapy,other,other,other,Acute promyelocytic leukemia,carried
Aumolertinib monotherapy,12646,hemonc,0,0,1,0,0,1,Targeted therapy,other,other,other,EGFR Non-small cell lung cancer; Non-small cell lung cancer,carried
Avapritinib monotherapy,25348,hemonc,0,0,1,0,0,1,Targeted therapy,other,other,other,Gastrointestinal stromal tumor; Systemic mastocytosis,carried
Avatrombopag monotherapy,23888,hemonc,0,0,0,0,1,0,Growth factor therapy,other,other,other,Immune thrombocytopenia; Thrombocytopenia in liver disease,carried
AVCF,47552,hemonc,1,0,0,0,0,1,Chemotherapy,other,other,other,Breast cancer,carried
AVD,22532,hemonc,1,0,0,0,0,1,Chemotherapy,other,other,other,Classical Hodgkin lymphoma,carried
Avelumab monotherapy,5626,hemonc,0,1,0,0,1,1,Immunotherapy; Supportive therapy,other,pdl1_mono,pdl1_mono,Merkel cell carcinoma; Urothelial carcinoma,carried
AVO,25237,hemonc,0,0,1,0,0,1,Targeted therapy,other,other,other,Chronic lymphocytic leukemia,carried
Axatilimab monotherapy,145044,hemonc,0,0,0,0,1,0,Immunosuppressive therapy,other,other,other,,carried
Axitinib and Avelumab,35414,hemonc,0,1,1,0,0,1,Immunotherapy; Targeted therapy,other,other,other,Clear cell renal cell carcinoma,carried
Axitinib and Pembrolizumab,17145,hemonc,0,1,1,0,0,1,Immunotherapy; Targeted therapy,other,other,other,Clear cell renal cell carcinoma,carried
Axitinib and Toripalimab,139709,hemonc,0,1,1,0,0,1,Immunotherapy; Targeted therapy,other,other,other,Clear cell renal cell carcinoma,carried
Axitinib monotherapy,35421,hemonc,0,0,1,0,0,1,Targeted therapy,other,other,other,Clear cell renal cell carcinoma; Thyroid cancer; Thyroid cancer differentiated; Thyroid cancer medullary,carried
Azacitidine and Gemtuzumab ozogamicin,1377,hemonc,1,0,1,0,1,1,Antibody-drug conjugate therapy; Chemotherapy; Supportive therapy,other,other,other,Acute myeloid leukemia,carried
Azacitidine and Ivosidenib,49832,hemonc,1,0,1,0,0,1,Chemotherapy; Targeted therapy,other,other,other,Acute myeloid leukemia; IDH Acute myeloid leukemia,carried
Azacitidine and Lenalidomide,13460,hemonc,1,0,1,0,0,1,Chemotherapy; Targeted therapy,other,other,other,Chronic myelomonocytic leukemia; Myelodysplastic syndrome,carried
Azacitidine and Venetoclax,1365,hemonc,1,0,1,0,0,1,Chemotherapy; Targeted therapy,other,other,other,Acute myeloid leukemia,carried
Azacitidine and Vorinostat,13461,hemonc,1,0,1,0,0,1,Chemotherapy; Targeted therapy,other,other,other,Chronic myelomonocytic leukemia; Myelodysplastic syndrome,carried
Azacitidine monotherapy,1358,hemonc,1,0,0,0,1,1,Chemotherapy; Supportive therapy,other,other,other,Acute myeloid leukemia; Chronic myelomonocytic leukemia; FLT3 Acute myeloid leukemia; IDH Acute myeloid leukemia; Juvenile myelomonocytic leukemia; Myelodysplastic syndrome,carried
Azacitidine oral monotherapy,13673,hemonc,1,0,0,0,0,1,Chemotherapy,other,other,other,Acute myeloid leukemia; Myelodysplastic syndrome,carried
"Azacitidine, Vorinostat, Gemtuzumab ozogamicin",2232,hemonc,1,0,1,0,0,1,Antibody-drug conjugate therapy; Chemotherapy; Targeted therapy,other,other,other,Acute myeloid leukemia,carried
B-CAVe,23626,hemonc,1,0,0,0,0,1,Chemotherapy,other,other,other,Classical Hodgkin lymphoma,carried
Baby POG I protocol,112502,hemonc,1,0,0,0,0,1,Chemotherapy,other,other,cisplatin,Medulloblastoma,carried
BBD,26699,hemonc,1,0,1,0,1,1,Chemotherapy; Glucocorticoid therapy; Supportive therapy; Targeted therapy,other,other,other,Multiple myeloma,carried
BCG and Dacarbazine,25919,hemonc,1,1,0,0,0,1,Chemotherapy; Immunotherapy,other,other,other,Melanoma,carried
BCG vaccine and Nogapendekin alfa inbakicept,145067,hemonc,0,1,0,0,0,1,Immunotherapy,other,other,other,,carried
BCG vaccine monotherapy,5106,hemonc,0,1,0,0,0,1,Immunotherapy,other,other_recommended,other,B-cell acute lymphoblastic leukemia; Bladder cancer; Classical Hodgkin lymphoma; Colon cancer; Melanoma; Non-small cell lung cancer,carried
BCHOP,24662,hemonc,1,0,1,0,1,1,Chemotherapy; Glucocorticoid therapy; Supportive therapy; Targeted therapy,other,other,other,Mantle cell lymphoma,carried
BCOP,16720,hemonc,1,0,0,0,1,1,Chemotherapy; Glucocorticoid therapy,other,other,other,Diffuse large B-cell lymphoma,carried
BCVPP,23411,hemonc,1,0,0,0,1,1,Chemotherapy; Glucocorticoid therapy,other,other,other,Classical Hodgkin lymphoma,carried
BDR,24788,hemonc,0,0,1,0,1,1,Glucocorticoid therapy; Supportive therapy; Targeted therapy,other,other,other,Mantle cell lymphoma; Waldenstroem macroglobulinemia,carried
BEAC,3961,hemonc,1,0,0,0,1,1,Chemotherapy; Supportive therapy,other,other,other,Diffuse large B-cell lymphoma; Mantle cell lymphoma,carried
BEACOPP,22616,hemonc,1,0,0,0,1,1,Chemotherapy; Glucocorticoid therapy,other,other,other,Classical Hodgkin lymphoma,carried
BEACOPP-14,22657,hemonc,1,0,0,0,1,1,Chemotherapy; Glucocorticoid therapy; Supportive therapy,other,other,other,Classical Hodgkin lymphoma,carried
BEACOPP-14 (Prednisolone),1106,hemonc,1,0,0,0,1,1,Chemotherapy; Glucocorticoid therapy; Supportive therapy,other,other,other,Classical Hodgkin lymphoma,carried
BeGEV,23102,hemonc,1,0,0,0,1,1,Chemotherapy; Glucocorticoid therapy; Supportive therapy,other,other,other,Classical Hodgkin lymphoma,carried
Belantamab mafodotin monotherapy,4407,hemonc,0,0,1,0,0,1,Antibody-drug conjugate therapy,other,other,other,Multiple myeloma,carried
Belinostat monotherapy,15441,hemonc,0,0,1,0,0,1,Targeted therapy,other,other,other,Cutaneous T-cell lymphoma; Peripheral T-cell lymphoma,carried
Belotecan and Cisplatin,36088,hemonc,1,0,0,0,0,1,Chemotherapy,other,other,cisplatin,Small cell lung cancer,carried
Belumosudil monotherapy,119945,hemonc,0,0,0,0,1,0,Immunosuppressive therapy,other,other,other,Graft versus host disease,carried
Belzutifan monotherapy,29719,hemonc,0,0,1,0,0,1,Targeted therapy,other,other,other,Clear cell renal cell carcinoma; Renal cell carcinoma; VHL Renal cell carcinoma,carried
Bendamustine and Brentuximab vedotin,46322,hemonc,1,0,1,0,0,1,Antibody-drug conjugate therapy; Chemotherapy,other,other,other,Classical Hodgkin lymphoma,carried
Bendamustine and Dexamethasone,12873,hemonc,1,0,0,0,1,1,Chemotherapy; Glucocorticoid therapy,other,other,other,Light-chain (AL) amyloidosis,carried
Bendamustine and Obinutuzumab,12097,hemonc,1,0,1,0,1,1,Chemotherapy; Supportive therapy; Targeted therapy,other,other,other,Chronic lymphocytic leukemia; Follicular lymphoma,carried
Bendamustine and Ofatumumab,12492,hemonc,1,0,1,0,1,1,Chemotherapy; Supportive therapy; Targeted therapy,other,other,other,Chronic lymphocytic leukemia; Follicular lymphoma,carried
Bendamustine and Rituximab (BR),11825,hemonc,1,0,1,0,1,1,Chemotherapy; Supportive therapy; Targeted therapy,other,other,other,Chronic lymphocytic leukemia; Cold agglutinin disease; Diffuse large B-cell lymphoma; Follicular lymphoma; Hairy cell leukemia; MALT lymphoma; Mantle cell lymphoma; Marginal zone lymphoma; Waldenstroem macroglobulinemia,carried
Bendamustine and Rituximab (BR) and Acalabrutinib,141702,atc,,,,0,,1,,other,other,other,,carried
Bendamustine and Rituximab (BR) and Ibrutinib,12331,hemonc,1,0,1,0,0,1,Chemotherapy; Targeted therapy,other,other,other,Chronic lymphocytic leukemia,carried
Bendamustine monotherapy,4300,hemonc,1,0,0,0,1,1,Chemotherapy; Supportive therapy,other,other,other,Chronic lymphocytic leukemia; Classical Hodgkin lymphoma; Cutaneous T-cell lymphoma; Diffuse large B-cell lymphoma; Follicular lymphoma; Marginal zone lymphoma; Peripheral T-cell lymphoma; Small cell lung cancer; T-cell prolymphocytic leukemia; Transformed lymphoma,carried
Benralizumab monotherapy,34294,hemonc,0,0,0,0,1,0,Immunosuppressive therapy,other,other,other,Hypereosinophilic syndrome,carried
BEP,2531,hemonc,1,0,0,0,1,1,Chemotherapy; Supportive therapy,other,other,cisplatin,Carcinoma of unknown primary; Testicular cancer,carried
BeRT,24781,hemonc,1,0,1,0,0,1,Chemotherapy; Targeted therapy,other,other,other,Mantle cell lymphoma,carried
Betrixaban monotherapy,38127,hemonc,0,0,0,0,1,0,Anticoagulation,other,other,other,Venous thromboembolism,carried
Bevacizumab and Interferon alfa-2a,35439,hemonc,0,1,1,0,0,1,Immunotherapy; Targeted therapy,other,other,other,Clear cell renal cell carcinoma; Renal cell carcinoma,carried
Bevacizumab and Rituximab,19463,hemonc,0,0,1,0,0,1,Targeted therapy,other,other,other,Follicular lymphoma,carried
Bevacizumab monotherapy,3350,hemonc,0,0,1,0,1,1,Supportive therapy; Targeted therapy,other,other,other,Anaplastic glioma; Angiosarcoma; Breast cancer; Cervical cancer; Clear cell renal cell carcinoma; Colorectal cancer; Endometrial cancer; Glioblastoma; Hepatocellular carcinoma; HRD Ovarian cancer; Kaposi sarcoma; Melanoma; Non-small cell lung cancer; Non-small cell lung cancer nonsquamous; Ovarian cancer; RAS Colorectal cancer; Renal cell carcinoma; Small cell lung cancer,carried
Bexarotene and Pralatrexate,15477,hemonc,1,0,1,0,0,1,Chemotherapy; Targeted therapy,other,other,other,Cutaneous T-cell lymphoma,carried
Bexarotene monotherapy,15454,hemonc,0,0,1,0,0,1,Targeted therapy,other,other,other,Cutaneous T-cell lymphoma,carried
BHD,25926,hemonc,1,0,0,0,0,1,Chemotherapy,other,other,other,Melanoma,carried
Bicalutamide and Goserelin,34076,hemonc,0,0,0,1,0,0,Endocrine therapy,other,other,other,Prostate cancer,carried
Bicalutamide and Leuprolide,34313,hemonc,0,0,0,1,0,0,Endocrine therapy,other,other,other,Prostate cancer,carried
Bicalutamide monotherapy,34251,hemonc,0,0,0,1,0,0,Endocrine therapy,other,other,other,Prostate cancer,carried
BID,38897,hemonc,1,0,1,0,1,1,Chemotherapy; Glucocorticoid therapy; Targeted therapy,other,other,other,Multiple myeloma,carried
Binimetinib and Encorafenib,25829,hemonc,0,0,1,0,0,1,Targeted therapy,other,other,other,BRAF Melanoma; BRAF Non-small cell lung cancer; Melanoma; Non-small cell lung cancer,carried
Binimetinib monotherapy,25911,hemonc,0,0,1,0,0,1,Targeted therapy,other,other,other,Melanoma; NRAS Melanoma,carried
"Binimetinib, Encorafenib, Cetuximab",49825,hemonc,0,0,1,0,0,1,Targeted therapy,other,other,other,BRAF Colorectal cancer; Colorectal cancer,carried
BiRd,26983,hemonc,1,0,1,0,1,1,Chemotherapy; Glucocorticoid therapy; Supportive therapy; Targeted therapy,other,other,other,Multiple myeloma,carried
BLD,27581,hemonc,1,0,1,0,1,1,Chemotherapy; Glucocorticoid therapy; Supportive therapy; Targeted therapy,other,other,other,Multiple myeloma,carried
Bleomycin and Cisplatin,15578,hemonc,1,0,0,0,0,1,Chemotherapy,other,other,cisplatin,Cutaneous basal cell carcinoma; Cutaneous squamous cell carcinoma,carried
Bleomycin and Vinblastine,37516,hemonc,1,0,0,0,0,1,Chemotherapy,other,other,other,Testicular cancer,carried
Bleomycin and Vincristine (BO),37324,hemonc,1,0,0,0,0,1,Chemotherapy,other,other,other,Kaposi sarcoma; Testicular cancer,carried
Blinatumomab monotherapy,4614,hemonc,0,1,0,0,1,1,Immunotherapy; Supportive therapy,other,other,other,Acute lymphoblastic leukemia infant; B-cell acute lymphoblastic leukemia; B-cell acute lymphoblastic leukemia pediatric; BCR::ABL1 B-cell acute lymphoblastic leukemia; Diffuse large B-cell lymphoma; KMT2A Acute lymphoblastic leukemia infant,carried
BMP,33288,hemonc,1,0,0,0,1,1,Chemotherapy; Supportive therapy,other,other,cisplatin,Penile cancer,carried
Bortezomib and Cyclophosphamide,27563,hemonc,1,0,1,0,1,1,Chemotherapy; Supportive therapy; Targeted therapy,other,other,other,Multiple myeloma,carried
Bortezomib and Dexamethasone (Vd),24294,hemonc,0,0,1,0,1,1,Glucocorticoid therapy; Supportive therapy; Targeted therapy,other,other,other,Light-chain (AL) amyloidosis; Multiple myeloma,carried
Bortezomib and Panobinostat,33447,hemonc,0,0,1,0,0,1,Targeted therapy,other,other,other,Peripheral T-cell lymphoma,carried
Bortezomib and Pegylated liposomal doxorubicin,27198,hemonc,1,0,1,0,1,1,Chemotherapy; Supportive therapy; Targeted therapy,other,other,other,Multiple myeloma,carried
Bortezomib and Prednisone (VP),26514,hemonc,0,0,1,0,1,1,Glucocorticoid therapy; Supportive therapy; Targeted therapy,other,other,other,Multiple myeloma,carried
Bortezomib and Rituximab (VR),19370,hemonc,0,0,1,0,1,1,Supportive therapy; Targeted therapy,other,other,other,Follicular lymphoma; Mantle cell lymphoma; Waldenstroem macroglobulinemia,carried
Bortezomib and Vorinostat,27199,hemonc,0,0,1,0,0,1,Targeted therapy,other,other,other,Multiple myeloma,carried
Bortezomib monotherapy,11189,hemonc,0,0,1,0,1,1,Supportive therapy; Targeted therapy,other,other,other,Castleman disease; Follicular lymphoma; Light-chain (AL) amyloidosis; MALT lymphoma; Mantle cell lymphoma; Multiple myeloma; Waldenstroem macroglobulinemia,carried
"Bortezomib, Thalidomide, Dexamethasone, Panobinostat",27589,hemonc,0,0,1,0,1,1,Glucocorticoid therapy; Targeted therapy,other,other,other,Multiple myeloma,carried
Bosutinib monotherapy,4858,hemonc,0,0,1,0,0,1,Targeted therapy,other,other,other,B-cell acute lymphoblastic leukemia; BCR::ABL1 B-cell acute lymphoblastic leukemia; Chronic myeloid leukemia; Chronic myeloid leukemia pediatric,carried
BPd,12738,hemonc,0,0,1,0,1,1,Antibody-drug conjugate therapy; Glucocorticoid therapy; Targeted therapy,other,other,other,Multiple myeloma,carried
BR/RC,13770,hemonc,1,0,1,0,0,1,Chemotherapy; Targeted therapy,other,other,other,Mantle cell lymphoma,carried
Brentuximab vedotin and Dacarbazine,23013,hemonc,1,0,1,0,0,1,Antibody-drug conjugate therapy; Chemotherapy,other,other,other,Classical Hodgkin lymphoma,carried
Brentuximab vedotin and Nivolumab,23154,hemonc,0,1,1,0,0,1,Antibody-drug conjugate therapy; Immunotherapy,other,other,other,Classical Hodgkin lymphoma,carried
Brentuximab vedotin monotherapy,3478,hemonc,0,0,1,0,1,1,Antibody-drug conjugate therapy; Supportive therapy,other,other,other,Anaplastic large cell lymphoma; Classical Hodgkin lymphoma; Cutaneous T-cell lymphoma; Diffuse large B-cell lymphoma; Mediastinal gray-zone lymphoma; Peripheral T-cell lymphoma,carried
Brigatinib monotherapy,30835,hemonc,0,0,1,0,0,1,Targeted therapy,other,other,other,ALK Non-small cell lung cancer; Non-small cell lung cancer,carried
BTD,27597,hemonc,1,0,1,0,1,1,Chemotherapy; Glucocorticoid therapy; Supportive therapy; Targeted therapy,other,other,other,Multiple myeloma,carried
Busulfan and Cyclophosphamide,2747,hemonc,1,1,0,0,1,1,Chemotherapy; Immunotherapy; Supportive therapy,other,other,other,Acute myeloid leukemia; Acute myeloid leukemia pediatric,carried
Busulfan monotherapy,13222,hemonc,1,0,0,0,0,1,Chemotherapy,other,other,other,Chronic myeloid leukemia,carried
Bv-AVEPC,13998,hemonc,1,0,1,0,1,1,Antibody-drug conjugate therapy; Chemotherapy; Glucocorticoid therapy; Supportive therapy,other,other,other,Classical Hodgkin lymphoma pediatric,carried
BV-CHP,3452,hemonc,1,0,1,0,1,1,Antibody-drug conjugate therapy; Chemotherapy; Glucocorticoid therapy,other,other,other,Anaplastic large cell lymphoma; Peripheral T-cell lymphoma,carried
BVd,142138,hemonc,0,0,1,0,1,1,Antibody-drug conjugate therapy; Glucocorticoid therapy; Targeted therapy,other,other,other,,carried
BVD,25933,hemonc,1,0,0,0,0,1,Chemotherapy,other,other,other,Melanoma,carried
BVDS,23638,hemonc,1,0,0,0,0,1,Chemotherapy,other,other,other,Classical Hodgkin lymphoma,carried
BVP,37509,hemonc,1,0,0,0,0,1,Chemotherapy,other,other,cisplatin,Testicular cancer,carried
BVR,19627,hemonc,1,0,1,0,1,1,Chemotherapy; Supportive therapy; Targeted therapy,other,other,other,Follicular lymphoma,carried
C-BOP,37242,hemonc,1,0,0,0,0,1,Chemotherapy,other,other,cisplatin,Testicular cancer,carried
C-MOPP,16961,hemonc,1,0,0,0,1,1,Chemotherapy; Glucocorticoid therapy,other,other,other,Classical Hodgkin lymphoma pediatric; Diffuse large B-cell lymphoma,carried
C-MOPP/ABV,22853,hemonc,1,0,0,0,1,1,Chemotherapy; Glucocorticoid therapy,other,other,other,Classical Hodgkin lymphoma,carried
C-VAMP,27796,hemonc,1,0,0,0,1,1,Chemotherapy; Glucocorticoid therapy,other,other,other,Multiple myeloma,carried
Cabazitaxel and Prednisolone,12061,hemonc,1,0,0,0,1,1,Chemotherapy; Endocrine therapy; Supportive therapy,other,other,other,Prostate cancer,carried
Cabazitaxel and Prednisone,34641,hemonc,1,0,0,0,1,1,Chemotherapy; Endocrine therapy; Supportive therapy,other,other,other,Prostate cancer,carried
CABO,21936,hemonc,1,0,0,0,0,1,Chemotherapy,other,other,cisplatin,Head and neck cancer,carried
Cabozantinib and Erlotinib,30471,hemonc,0,0,1,0,0,1,Targeted therapy,other,other,other,Non-small cell lung cancer,carried
Cabozantinib and Nivolumab,32918,hemonc,0,1,1,0,0,1,Immunotherapy; Targeted therapy,other,other,other,Clear cell renal cell carcinoma,carried
Cabozantinib monotherapy,22317,hemonc,0,0,1,0,0,1,Targeted therapy,other,other,other,Clear cell renal cell carcinoma; Gastrointestinal stromal tumor; Hepatocellular carcinoma; Non-small cell lung cancer; Osteosarcoma; Papillary renal cell carcinoma; Prostate cancer; Renal cell carcinoma; Thyroid cancer differentiated; Thyroid cancer medullary,carried
CAF and MPA,10284,hemonc,1,0,0,1,0,1,Chemotherapy; Endocrine therapy,other,other,other,Breast cancer; ER Breast cancer,carried
CAFVP,17146,hemonc,1,0,0,0,0,1,Chemotherapy; Endocrine therapy,other,other,other,Breast cancer,carried
"Calaspargase, Daunorubicin, Vincristine, Prednisone",47579,hemonc,1,0,0,0,1,1,Chemotherapy; Glucocorticoid therapy,other,other,other,B-cell acute lymphoblastic leukemia pediatric,carried
CALGB 8811 early intensification,47454,hemonc,1,0,0,0,0,1,Chemotherapy,other,other,other,B-cell acute lymphoblastic leukemia,carried
CALGB 8811 late intensification,47455,hemonc,1,0,0,0,1,1,Chemotherapy; Glucocorticoid therapy,other,other,other,B-cell acute lymphoblastic leukemia,carried
CAMF,10271,hemonc,1,0,0,0,0,1,Chemotherapy,other,other,other,Breast cancer,carried
CAMFP,9942,hemonc,1,0,0,0,1,1,Chemotherapy; Endocrine therapy; Supportive therapy,other,other,other,Breast cancer,carried
CAMP,31076,hemonc,1,0,0,0,0,1,Chemotherapy,other,other,other,Non-small cell lung cancer,carried
Camrelizumab monotherapy,5442,hemonc,0,1,0,0,0,1,Immunotherapy,other,other,other,Classical Hodgkin lymphoma; Esophageal squamous cell carcinoma; Hepatocellular carcinoma,carried
CAP,12683,hemonc,1,0,0,0,1,1,Chemotherapy; Glucocorticoid therapy,other,other,other,Chronic lymphocytic leukemia,carried
CAP-BOP,16727,hemonc,1,0,0,0,1,1,Chemotherapy; Glucocorticoid therapy,other,other,other,Diffuse large B-cell lymphoma,carried
Capecitabine and Bevacizumab,7214,hemonc,1,0,1,0,0,1,Chemotherapy; Targeted therapy,other,other,other,Breast cancer; Colorectal cancer; Hepatocellular carcinoma,carried
Capecitabine and Cisplatin (CX),17923,hemonc,1,0,0,0,1,1,Chemotherapy; Supportive therapy,other,other,cisplatin,ERBB2 Gastric cancer; Esophageal adenocarcinoma; Esophageal cancer; Esophageal squamous cell carcinoma; Gastric cancer,carried
Capecitabine and Cisplatin (CX) and Cetuximab,76968,hemonc,1,0,1,0,0,1,Chemotherapy; Targeted therapy,other,other,cisplatin,Esophageal adenocarcinoma,carried
Capecitabine and Cisplatin (CX) and Pembrolizumab,60796,hemonc,1,1,0,0,0,1,Chemotherapy; Immunotherapy,other,other,cisplatin,Gastric cancer,carried
Capecitabine and Cisplatin (CX) and Tislelizumab,121525,hemonc,1,1,0,0,0,1,Chemotherapy; Immunotherapy,other,other,cisplatin,Esophageal squamous cell carcinoma,carried
Capecitabine and Cisplatin (CX) and Trastuzumab,18328,hemonc,1,0,1,0,0,1,Chemotherapy; Targeted therapy,other,other,cisplatin,ERBB2 Gastric cancer; Gastric cancer,carried
"Capecitabine and Cisplatin (CX), Pertuzumab, Trastuzumab",47862,hemonc,1,0,1,0,0,1,Chemotherapy; Targeted therapy,other,other,cisplatin,ERBB2 Gastric cancer; Gastric cancer,carried
Capecitabine and Docetaxel (TX),7233,hemonc,1,0,0,0,0,1,Chemotherapy,other,other,other,Breast cancer; TNBC Breast cancer,carried
Capecitabine and Erlotinib,33148,hemonc,1,0,1,0,0,1,Chemotherapy; Targeted therapy,other,other,other,Pancreatic cancer,carried
Capecitabine and Fulvestrant,47460,hemonc,1,0,0,1,0,1,Chemotherapy; Endocrine therapy,other,other,other,Breast cancer; ER Breast cancer,carried
Capecitabine and Gemcitabine,11673,hemonc,1,0,0,0,0,1,Chemotherapy,other,other,other,Cholangiocarcinoma; Gallbladder cancer; Pancreatic cancer; Thymoma,carried
Capecitabine and Ixabepilone,8085,hemonc,1,0,0,0,0,1,Chemotherapy,other,other,other,Breast cancer; TNBC Breast cancer,carried
Capecitabine and Lapatinib,9577,hemonc,1,0,1,0,0,1,Chemotherapy; Targeted therapy,other,other,other,Breast cancer; ERBB2 Breast cancer,carried
Capecitabine and Margetuximab,32896,hemonc,1,0,1,0,0,1,Chemotherapy; Targeted therapy,other,other,other,Breast cancer; ERBB2 Breast cancer,carried
Capecitabine and Mitomycin,11716,hemonc,1,0,0,0,1,1,Chemotherapy; Supportive therapy,other,other,other,Cholangiocarcinoma; Gallbladder cancer,carried
Capecitabine and Neratinib,9724,hemonc,1,0,1,0,0,1,Chemotherapy; Targeted therapy,other,other,other,Breast cancer; ERBB2 Breast cancer,carried
Capecitabine and Paclitaxel,7246,hemonc,1,0,0,0,0,1,Chemotherapy,other,other,other,Breast cancer,carried
"Capecitabine and Paclitaxel, nanoparticle albumin-bound",7253,hemonc,1,0,0,0,0,1,Chemotherapy,other,other,other,Breast cancer,carried
Capecitabine and Pyrotinib,13277,hemonc,1,0,1,0,0,1,Chemotherapy; Targeted therapy,other,other,other,Breast cancer; ERBB2 Breast cancer,carried
Capecitabine and Temozolomide,32588,hemonc,1,0,0,0,1,1,Chemotherapy; Supportive therapy,other,other,other,Neuroendocrine tumor; Pancreatic NET,carried
Capecitabine and Trastuzumab (XH),9584,hemonc,1,0,1,0,0,1,Chemotherapy; Targeted therapy,other,other,other,Breast cancer; ER|ERBB2 Breast cancer; ERBB2 Breast cancer,carried
Capecitabine and Trastuzumab (XH) and Tucatinib,987,hemonc,1,0,1,0,0,1,Chemotherapy; Targeted therapy,other,other,other,Breast cancer; ERBB2 Breast cancer,carried
Capecitabine and Vinflunine,47461,hemonc,1,0,0,0,0,1,Chemotherapy,other,other,other,Breast cancer,carried
Capecitabine monotherapy,6323,hemonc,1,0,0,0,0,1,Chemotherapy,other,other,other,BRCA Breast cancer; Breast cancer; Cholangiocarcinoma; Colon cancer; Colorectal cancer; ER Breast cancer; ERBB2 Breast cancer; Gallbladder cancer; Gastric cancer; Hepatocellular carcinoma; Nasopharyngeal carcinoma; Pancreatic cancer; Rectal cancer; TNBC Breast cancer,carried
"Capecitabine, Bevacizumab, Trastuzumab",9570,hemonc,1,0,1,0,0,1,Chemotherapy; Targeted therapy,other,other,other,Breast cancer; ERBB2 Breast cancer,carried
CapeOx,13628,hemonc,1,0,0,0,0,1,Chemotherapy,other,other,other,Cholangiocarcinoma; Colon cancer; Colorectal cancer; ERBB2 Gastric cancer; Esophageal adenocarcinoma; Esophageal squamous cell carcinoma; Gallbladder cancer; Gastric cancer; Hepatocellular carcinoma; Pancreatic cancer; Rectal cancer,carried
CapeOx and Bevacizumab,14197,hemonc,1,0,1,0,0,1,Chemotherapy; Targeted therapy,other,other,other,Colorectal cancer; Hepatocellular carcinoma,carried
CapeOx and Cadonilimab,148183,atc,,,,0,,1,,other,other,other,,carried
CapeOx and Erlotinib,1009,hemonc,1,0,1,0,0,1,Chemotherapy; Targeted therapy,other,other,other,Colorectal cancer,carried
CapeOx and Nivolumab,32952,hemonc,1,1,0,0,0,1,Chemotherapy; Immunotherapy,other,other,other,Esophageal adenocarcinoma; Gastric cancer,carried
CapeOx and Panitumumab,15187,hemonc,1,0,1,0,0,1,Chemotherapy; Targeted therapy,other,other,other,Colorectal cancer; RAS Colorectal cancer,carried
CapeOx and Pembrolizumab,14230,hemonc,1,1,0,0,0,1,Chemotherapy; Immunotherapy,other,other,other,Gastric cancer,carried
CapeOx and Sintilimab,148184,atc,,,,0,,1,,other,other,other,,carried
CapeOx and Tislelizumab,14255,hemonc,1,1,0,0,0,1,Chemotherapy; Immunotherapy,other,other,other,Gastric cancer,carried
CapeOx and Trastuzumab,58951,hemonc,1,0,1,0,0,1,Chemotherapy; Targeted therapy,other,other,other,ERBB2 Gastric cancer; Gastric cancer,carried
CapeOx and Zolbetuximab,145192,hemonc,1,0,1,0,0,1,Chemotherapy; Targeted therapy,other,other,other,,carried
"CapeOx, Pembrolizumab, Trastuzumab",59473,hemonc,1,1,1,0,0,1,Chemotherapy; Immunotherapy; Targeted therapy,other,other,other,ERBB2 Gastric cancer; Gastric cancer,carried
CAPIRI,14248,hemonc,1,0,0,0,1,1,Chemotherapy; Supportive therapy,other,other,other,Colorectal cancer; Esophageal adenocarcinoma; Esophageal cancer; Gallbladder cancer,carried
CAPIRI-Bev,14273,hemonc,1,0,1,0,0,1,Chemotherapy; Targeted therapy,other,other,other,Colorectal cancer,carried
Capivasertib and Fulvestrant,121532,hemonc,0,0,1,1,0,1,Endocrine therapy; Targeted therapy,other,other,other,Breast cancer; ER Breast cancer,carried
Capmatinib monotherapy,3245,hemonc,0,0,1,0,0,1,Targeted therapy,other,other,other,MET Non-small cell lung cancer; Non-small cell lung cancer,carried
Carboplatin and Bevacizumab,3357,hemonc,1,0,1,0,0,1,Chemotherapy; Targeted therapy,other,other,carboplatin,Anaplastic glioma; Glioblastoma,carried
Carboplatin and Cisplatin,1279,hemonc,1,0,0,0,0,1,Chemotherapy,other,other,cisplatin,Non-small cell lung cancer,carried
Carboplatin and Cyclophosphamide,47580,hemonc,1,0,0,0,0,1,Chemotherapy,other,other,carboplatin,Ovarian cancer,carried
Carboplatin and Dacarbazine,30279,hemonc,1,0,0,0,0,1,Chemotherapy,other,other,carboplatin,Melanoma,carried
Carboplatin and Docetaxel (DCb),2538,hemonc,1,0,0,0,1,1,Chemotherapy; Supportive therapy,other,other,carboplatin,Breast cancer; Carcinoma of unknown primary; Cervical cancer; EGFR Non-small cell lung cancer; Gastric cancer; Head and neck cancer; Non-small cell lung cancer; Non-small cell lung cancer nonsquamous; Ovarian cancer; Prostate cancer; TNBC Breast cancer,carried
Carboplatin and Doxorubicin,4822,hemonc,1,0,0,0,0,1,Chemotherapy,other,other,carboplatin,,carried
Carboplatin and Etoposide (CE),29282,hemonc,1,0,0,0,1,1,Chemotherapy; Supportive therapy,other,other,carboplatin,Non-small cell lung cancer; Small cell lung cancer; Testicular cancer,carried
Carboplatin and Etoposide (CE) and Atezolizumab,36179,hemonc,1,1,0,0,0,1,Chemotherapy; Immunotherapy,other,other,carboplatin,Small cell lung cancer,carried
Carboplatin and Etoposide (CE) and Bevacizumab,48854,hemonc,1,0,1,0,0,1,Chemotherapy; Targeted therapy,other,other,carboplatin,Small cell lung cancer,carried
Carboplatin and Etoposide (CE) and Durvalumab,49859,hemonc,1,1,0,0,0,1,Chemotherapy; Immunotherapy,other,other,carboplatin,Small cell lung cancer,carried
Carboplatin and Etoposide (CE) and Pembrolizumab,14166,hemonc,1,1,0,0,0,1,Chemotherapy; Immunotherapy,other,other,carboplatin,Small cell lung cancer,carried
Carboplatin and Etoposide (CE) and Serplulimab,14342,hemonc,1,1,0,0,0,1,Chemotherapy; Immunotherapy,other,other,carboplatin,Small cell lung cancer,carried
Carboplatin and Etoposide (CE) and Tislelizumab,142161,hemonc,1,1,0,0,0,1,Chemotherapy; Immunotherapy,other,other,carboplatin,,carried
Carboplatin and Fluorouracil,21770,hemonc,1,0,0,0,1,1,Chemotherapy; Supportive therapy,other,other,carboplatin,Head and neck cancer; Nasopharyngeal carcinoma,carried
Carboplatin and Gemcitabine (GCb),5458,hemonc,1,0,0,0,0,1,Chemotherapy,carboplatin,carboplatin,carboplatin,ALK Non-small cell lung cancer; Breast cancer; EGFR Non-small cell lung cancer; Non-small cell lung cancer; Non-small cell lung cancer nonsquamous; Non-small cell lung cancer squamous; Ovarian cancer; TNBC Breast cancer; Upper tract urothelial carcinoma; Urothelial carcinoma,carried
Carboplatin and Gemcitabine (GCb) and Atezolizumab,20332,hemonc,1,1,0,0,0,1,Chemotherapy; Immunotherapy,other,carboplatin,carboplatin,Urothelial carcinoma,carried
Carboplatin and Gemcitabine (GCb) and Bevacizumab,31967,hemonc,1,0,1,0,0,1,Chemotherapy; Targeted therapy,other,other,carboplatin,Ovarian cancer,carried
Carboplatin and Gemcitabine (GCb) and Paclitaxel,129493,hemonc,1,0,0,0,1,1,Chemotherapy; Supportive therapy,other,other,carboplatin,Carcinoma of unknown primary; Non-small cell lung cancer,carried
Carboplatin and Gemcitabine (GCb) and Pembrolizumab,33026,hemonc,1,1,0,0,0,1,Chemotherapy; Immunotherapy,other,carboplatin,carboplatin,Breast cancer; TNBC Breast cancer; Urothelial carcinoma,carried
Carboplatin and Gemcitabine (GCb) and Sintilimab,142163,hemonc,1,1,0,0,0,1,Chemotherapy; Immunotherapy,other,other,carboplatin,,carried
Carboplatin and Gemcitabine/Erlotinib,30923,hemonc,1,0,1,0,0,1,Chemotherapy; Targeted therapy,other,other,carboplatin,EGFR Non-small cell lung cancer; Non-small cell lung cancer,carried
Carboplatin and Ifosfamide,11386,hemonc,1,0,0,0,1,1,Chemotherapy; Supportive therapy,other,other,carboplatin,Cervical cancer,carried
Carboplatin and Irinotecan,36182,hemonc,1,0,0,0,1,1,Chemotherapy; Supportive therapy,other,other,carboplatin,Small cell lung cancer,carried
Carboplatin and nab-Paclitaxel,9810,hemonc,1,0,0,0,1,1,Chemotherapy; Supportive therapy,other,other,carboplatin,Breast cancer; Melanoma; Non-small cell lung cancer; Non-small cell lung cancer nonsquamous; Non-small cell lung cancer squamous; TNBC Breast cancer,carried
Carboplatin and nab-Paclitaxel (CnP) and Atezolizumab,43119,hemonc,1,1,0,0,0,1,Chemotherapy; Immunotherapy,other,other,carboplatin,Non-small cell lung cancer nonsquamous; Non-small cell lung cancer squamous,carried
Carboplatin and nab-Paclitaxel (CnP) and Pembrolizumab,30166,hemonc,1,1,0,0,0,1,Chemotherapy; Immunotherapy,other,other,carboplatin,Non-small cell lung cancer squamous,carried
Carboplatin and nab-Paclitaxel (CnP) and Serplulimab,139842,hemonc,1,1,0,0,0,1,Chemotherapy; Immunotherapy,other,other,carboplatin,Non-small cell lung cancer squamous,carried
Carboplatin and nab-Paclitaxel (CnP) and Tislelizumab,50019,hemonc,1,1,0,0,0,1,Chemotherapy; Immunotherapy,other,other,carboplatin,Non-small cell lung cancer squamous,carried
Carboplatin and Paclitaxel (CP),2554,hemonc,1,0,0,0,1,1,Chemotherapy; Supportive therapy,other,carboplatin,carboplatin,Anal cancer; BRCA Breast cancer; Breast cancer; Carcinoma of unknown primary; Cervical cancer; EGFR Non-small cell lung cancer; Endometrial cancer; Esophageal cancer; Gastric cancer; Melanoma; Non-small cell lung cancer; Non-small cell lung cancer nonsquamous; Non-small cell lung cancer squamous; Ovarian cancer; Prostate cancer; Thymoma; TNBC Breast cancer; Urothelial carcinoma,carried
Carboplatin and Paclitaxel (CP) and Atezolizumab,50041,hemonc,1,1,0,0,0,1,Chemotherapy; Immunotherapy,other,other,carboplatin,,carried
Carboplatin and Paclitaxel (CP) and Bevacizumab,29570,hemonc,1,0,1,0,1,1,Chemotherapy; Supportive therapy; Targeted therapy,other,other,carboplatin,Cervical cancer; Melanoma; Non-small cell lung cancer; Non-small cell lung cancer nonsquamous; Ovarian cancer,carried
Carboplatin and Paclitaxel (CP) and Cadonilimab,145205,hemonc,1,1,0,0,0,1,Chemotherapy; Immunotherapy,other,other,carboplatin,,carried
Carboplatin and Paclitaxel (CP) and Camrelizumab,59536,hemonc,1,1,0,0,0,1,Chemotherapy; Immunotherapy,other,other,carboplatin,Non-small cell lung cancer squamous,carried
Carboplatin and Paclitaxel (CP) and Cemiplimab,110544,hemonc,1,1,0,0,0,1,Chemotherapy; Immunotherapy,other,other,carboplatin,Non-small cell lung cancer,carried
Carboplatin and Paclitaxel (CP) and Cetuximab,7333,hemonc,1,0,1,0,0,1,Chemotherapy; Targeted therapy,other,other,carboplatin,,carried
Carboplatin and Paclitaxel (CP) and Dostarlimab,116702,hemonc,1,1,0,0,0,1,Chemotherapy; Immunotherapy,other,other,carboplatin,Endometrial cancer,carried
Carboplatin and Paclitaxel (CP) and Durvalumab,121537,hemonc,1,1,0,0,0,1,Chemotherapy; Immunotherapy,other,other,carboplatin,Endometrial cancer; Non-small cell lung cancer squamous,carried
Carboplatin and Paclitaxel (CP) and Ipilimumab,29571,hemonc,1,1,0,0,1,1,Chemotherapy; Immunotherapy; Supportive therapy,other,other,carboplatin,Non-small cell lung cancer; Non-small cell lung cancer squamous; Small cell lung cancer,carried
"Carboplatin and Paclitaxel (CP) and Ipilimumab, Nivolumab",2822,hemonc,1,1,0,0,0,1,Chemotherapy; Immunotherapy,other,other,carboplatin,Non-small cell lung cancer squamous,carried
Carboplatin and Paclitaxel (CP) and Nintedanib,48148,hemonc,1,0,1,0,0,1,Chemotherapy; Targeted therapy,other,other,carboplatin,Ovarian cancer,carried
Carboplatin and Paclitaxel (CP) and Nivolumab,59546,hemonc,1,1,0,0,0,1,Chemotherapy; Immunotherapy,other,other,carboplatin,Non-small cell lung cancer; Non-small cell lung cancer nonsquamous; Non-small cell lung cancer squamous,carried
Carboplatin and Paclitaxel (CP) and Olaparib,31986,hemonc,1,0,1,0,0,1,Chemotherapy; Targeted therapy,other,other,carboplatin,Ovarian cancer,carried
Carboplatin and Paclitaxel (CP) and Pembrolizumab,30172,hemonc,1,1,0,0,0,1,Chemotherapy; Immunotherapy,other,other,carboplatin,Cervical cancer; Endometrial cancer; Non-small cell lung cancer squamous,carried
Carboplatin and Paclitaxel (CP) and Penpulimab,139843,hemonc,1,1,0,0,0,1,Chemotherapy; Immunotherapy,other,other,carboplatin,Non-small cell lung cancer squamous,carried
Carboplatin and Paclitaxel (CP) and Sugemalimab,59550,hemonc,1,1,0,0,0,1,Chemotherapy; Immunotherapy,other,other,carboplatin,Non-small cell lung cancer squamous,carried
Carboplatin and Paclitaxel (CP) and Tislelizumab,50101,hemonc,1,1,0,0,0,1,Chemotherapy; Immunotherapy,other,other,carboplatin,Non-small cell lung cancer squamous,carried
Carboplatin and Paclitaxel (CP) and Trastuzumab,59563,hemonc,1,0,1,0,0,1,Chemotherapy; Targeted therapy,other,other,carboplatin,Breast cancer; Endometrial cancer; ERBB2 Breast cancer,carried
"Carboplatin and Paclitaxel (CP), Bevacizumab, Cadonilimab",145221,hemonc,1,1,1,0,0,1,Chemotherapy; Immunotherapy; Targeted therapy,other,other,carboplatin,,carried
"Carboplatin and Paclitaxel (CP), Bevacizumab, Nivolumab",26720,hemonc,1,1,1,0,0,1,Chemotherapy; Immunotherapy; Targeted therapy,other,other,carboplatin,Non-small cell lung cancer nonsquamous,carried
"Carboplatin and Paclitaxel (CP), Bevacizumab, Pembrolizumab",60810,hemonc,1,1,1,0,0,1,Chemotherapy; Immunotherapy; Targeted therapy,other,other,carboplatin,Cervical cancer,carried
"Carboplatin and Paclitaxel (CP), Olaparib, Durvalumab",135017,hemonc,1,1,1,0,0,1,Chemotherapy; Immunotherapy; Targeted therapy,other,other,carboplatin,Endometrial cancer,carried
Carboplatin and Pegylated liposomal doxorubicin,17526,hemonc,1,0,0,0,1,1,Chemotherapy; Supportive therapy,other,other,carboplatin,Endometrial cancer; Ovarian cancer,carried
Carboplatin and Pemetrexed,26028,hemonc,1,0,0,0,1,1,Chemotherapy; Supportive therapy,other,other,carboplatin,ALK Non-small cell lung cancer; EGFR Non-small cell lung cancer; Malignant pleural mesothelioma; Non-small cell lung cancer; Non-small cell lung cancer nonsquamous; RET Non-small cell lung cancer,carried
Carboplatin and S-1,119988,hemonc,1,0,0,0,0,1,Chemotherapy,other,other,carboplatin,Non-small cell lung cancer squamous,carried
Carboplatin and Teniposide,24419,hemonc,1,0,0,0,1,1,Chemotherapy; Supportive therapy,other,other,carboplatin,Low-grade glioma,carried
Carboplatin and Vincristine,24375,hemonc,1,0,0,0,0,1,Chemotherapy,other,other,carboplatin,Low-grade glioma pediatric,carried
Carboplatin and Vinorelbine,29588,hemonc,1,0,0,0,0,1,Chemotherapy,other,other,carboplatin,ALK Non-small cell lung cancer; Non-small cell lung cancer,carried
Carboplatin monotherapy,11393,hemonc,1,0,0,0,1,1,Chemotherapy; Supportive therapy,other,other,carboplatin,BRCA Breast cancer; Breast cancer; Cervical cancer; Endometrial cancer; HRD Ovarian cancer; Low-grade glioma; Ovarian cancer; Testicular cancer,carried
"Carboplatin, Docetaxel, Prednisone",34680,hemonc,1,0,0,0,1,1,Chemotherapy; Endocrine therapy; Supportive therapy,other,other,carboplatin,Prostate cancer,carried
"Carboplatin, Fluorouracil, Cetuximab",21783,hemonc,1,0,1,0,0,1,Chemotherapy; Targeted therapy,other,other,carboplatin,Head and neck cancer,carried
"Carboplatin, Fluorouracil, Pembrolizumab",60811,hemonc,1,1,0,0,0,1,Chemotherapy; Immunotherapy,other,other,carboplatin,Head and neck cancer,carried
"Carboplatin, Lazertinib, Pemetrexed, Amivantamab",135018,hemonc,1,0,1,0,0,1,Chemotherapy; Targeted therapy,other,other,carboplatin,EGFR Non-small cell lung cancer; Non-small cell lung cancer,carried
"Carboplatin, nab-Paclitaxel, Durvalumab",112570,hemonc,1,1,0,0,0,1,Chemotherapy; Immunotherapy,other,other,carboplatin,Non-small cell lung cancer,carried
"Carboplatin, nab-Paclitaxel, Durvalumab, Tremelimumab",112571,hemonc,1,1,0,0,0,1,Chemotherapy; Immunotherapy,other,other,carboplatin,Non-small cell lung cancer,carried
"Carboplatin, Osimertinib, Pemetrexed",14465,hemonc,1,0,1,0,0,1,Chemotherapy; Targeted therapy,other,other,carboplatin,EGFR Non-small cell lung cancer; Non-small cell lung cancer,carried
"Carboplatin, Pegylated liposomal doxorubicin, Bevacizumab",5704,hemonc,1,0,1,0,0,1,Chemotherapy; Targeted therapy,other,other,carboplatin,Ovarian cancer,carried
"Carboplatin, Pemetrexed, Amivantamab",135019,hemonc,1,0,1,0,0,1,Chemotherapy; Targeted therapy,other,other,carboplatin,EGFR Non-small cell lung cancer; Non-small cell lung cancer,carried
"Carboplatin, Pemetrexed, Atezolizumab",33152,hemonc,1,1,0,0,0,1,Chemotherapy; Immunotherapy,other,other,carboplatin,Non-small cell lung cancer nonsquamous,carried
"Carboplatin, Pemetrexed, Bevacizumab",30050,hemonc,1,0,1,0,1,1,Chemotherapy; Supportive therapy; Targeted therapy,other,other,carboplatin,Malignant pleural mesothelioma; Non-small cell lung cancer; Non-small cell lung cancer nonsquamous,carried
"Carboplatin, Pemetrexed, Camrelizumab",60813,hemonc,1,1,0,0,0,1,Chemotherapy; Immunotherapy,other,other,carboplatin,Non-small cell lung cancer nonsquamous,carried
"Carboplatin, Pemetrexed, Cemiplimab",110546,hemonc,1,1,0,0,0,1,Chemotherapy; Immunotherapy,other,other,carboplatin,Non-small cell lung cancer nonsquamous,carried
"Carboplatin, Pemetrexed, Ipilimumab, Nivolumab",2834,hemonc,1,1,0,0,0,1,Chemotherapy; Immunotherapy,other,other,carboplatin,Non-small cell lung cancer nonsquamous,carried
"Carboplatin, Pemetrexed, Ivonescimab",144636,atc,,,,0,,1,,other,other,other,,carried
"Carboplatin, Pemetrexed, Pembrolizumab",29572,hemonc,1,1,0,0,1,1,Chemotherapy; Immunotherapy; Supportive therapy,other,other,carboplatin,ERBB2 Non-small cell lung cancer; Malignant pleural mesothelioma; Non-small cell lung cancer; Non-small cell lung cancer nonsquamous; RET Non-small cell lung cancer,carried
"Carboplatin, Pemetrexed, Sintilimab",2848,hemonc,1,1,0,0,0,1,Chemotherapy; Immunotherapy,other,other,carboplatin,Non-small cell lung cancer nonsquamous,carried
"Carboplatin, Pemetrexed, Sugemalimab",59657,hemonc,1,1,0,0,0,1,Chemotherapy; Immunotherapy,other,other,carboplatin,Non-small cell lung cancer nonsquamous,carried
"Carboplatin, Pemetrexed, Tislelizumab",12920,hemonc,1,1,0,0,0,1,Chemotherapy; Immunotherapy,other,other,carboplatin,Non-small cell lung cancer nonsquamous,carried
CaRD,38490,hemonc,0,0,1,0,1,1,Glucocorticoid therapy; Supportive therapy; Targeted therapy,other,other,other,Waldenstroem macroglobulinemia,carried
Carfilzomib and Dexamethasone (Kd),27208,hemonc,0,0,1,0,1,1,Glucocorticoid therapy; Targeted therapy,other,other,other,Multiple myeloma,carried
Carfilzomib and Lenalidomide (KR),60824,hemonc,0,0,1,0,0,1,Targeted therapy,other,other,other,Multiple myeloma,carried
Carfilzomib and Panobinostat,27604,hemonc,0,0,1,0,0,1,Targeted therapy,other,other,other,Multiple myeloma,carried
Carfilzomib monotherapy,26520,hemonc,0,0,1,0,1,1,Supportive therapy; Targeted therapy,other,other,other,Multiple myeloma,carried
Carmustine and Doxorubicin,28123,hemonc,1,0,0,0,0,1,Chemotherapy,other,other,other,Multiple myeloma,carried
Carmustine monotherapy,3206,hemonc,1,0,0,0,1,1,Chemotherapy; Supportive therapy,other,other,other,Anaplastic glioma; Classical Hodgkin lymphoma; Glioblastoma,carried
CAV,36209,hemonc,1,0,0,0,1,1,Chemotherapy; Supportive therapy,other,other,other,Breast cancer; Small cell lung cancer,carried
CAV/PE,36620,hemonc,1,0,0,0,0,1,Chemotherapy,other,other,cisplatin,Small cell lung cancer,carried
CAVE,47584,hemonc,1,0,0,0,0,1,Chemotherapy,other,other,other,Small cell lung cancer,carried
CCE,4700,hemonc,1,0,0,0,1,1,Chemotherapy; Supportive therapy,other,other,other,B-cell acute lymphoblastic leukemia pediatric,carried
CCOP,16752,hemonc,1,0,0,0,1,1,Chemotherapy; Glucocorticoid therapy,other,other,other,Diffuse large B-cell lymphoma,carried
CDB,25940,hemonc,1,0,0,0,0,1,Chemotherapy,other,other,cisplatin,Melanoma,carried
CDE,36647,hemonc,1,0,0,0,1,1,Chemotherapy; Glucocorticoid therapy; Supportive therapy,other,other,other,Diffuse large B-cell lymphoma; Small cell lung cancer,carried
CEEP,16759,hemonc,1,0,0,0,1,1,Chemotherapy; Glucocorticoid therapy,other,other,other,Diffuse large B-cell lymphoma,carried
CEFT,142175,hemonc,1,0,0,1,0,1,Chemotherapy; Endocrine therapy,other,other,other,,carried
Celecoxib and Methotrexate,120001,hemonc,1,0,1,0,0,1,Chemotherapy; Targeted therapy,other,other,other,Head and neck cancer,carried
"Celecoxib, Erlotinib, Methotrexate",120002,hemonc,1,0,1,0,0,1,Chemotherapy; Targeted therapy,other,other,other,Head and neck cancer,carried
"Celecoxib, Erlotinib, Methotrexate, Nivolumab",120003,hemonc,1,1,1,0,0,1,Chemotherapy; Immunotherapy; Targeted therapy,other,other,other,Head and neck cancer,carried
Cemiplimab monotherapy,15636,hemonc,0,1,0,0,0,1,Immunotherapy,other,other,other,Cervical cancer; Cutaneous basal cell carcinoma; Cutaneous squamous cell carcinoma; Non-small cell lung cancer,carried
CEOP,16767,hemonc,1,0,0,0,1,1,Chemotherapy; Glucocorticoid therapy,other,other,other,Diffuse large B-cell lymphoma,carried
CEOP (Prednisolone),1407,hemonc,1,0,0,0,1,1,Chemotherapy; Glucocorticoid therapy,other,other,other,Diffuse large B-cell lymphoma,carried
CEP,23645,hemonc,1,0,0,0,0,1,Chemotherapy,other,other,cisplatin,Classical Hodgkin lymphoma; Ovarian cancer,carried
CEPP(B),17253,hemonc,1,0,0,0,1,1,Chemotherapy; Glucocorticoid therapy,other,other,other,Diffuse large B-cell lymphoma,carried
Ceritinib monotherapy,10693,hemonc,0,0,1,0,0,1,Targeted therapy,other,other,other,ALK Non-small cell lung cancer; Non-small cell lung cancer; ROS1 Non-small cell lung cancer,carried
Cetuximab monotherapy,15199,hemonc,0,0,1,0,1,1,Supportive therapy; Targeted therapy,other,other,other,Colorectal cancer; Cutaneous squamous cell carcinoma; Esophageal adenocarcinoma; Head and neck cancer; RAS Colorectal cancer,carried
CEV (Carboplatin/Etoposide),36668,hemonc,1,0,0,0,0,1,Chemotherapy,other,other,carboplatin,Small cell lung cancer,carried
CEV (Cyclophosphamide/Etoposide),47591,hemonc,1,0,0,0,0,1,Chemotherapy,other,other,other,Small cell lung cancer,carried
CFAR,12105,hemonc,1,0,1,0,1,1,Chemotherapy; Supportive therapy; Targeted therapy,other,other,other,Chronic lymphocytic leukemia,carried
CFP,9957,hemonc,1,0,0,0,0,1,Chemotherapy; Endocrine therapy,other,other,other,Breast cancer,carried
CFP and Bilateral oophorectomy,121580,hemonc,1,0,0,0,0,1,Chemotherapy; Endocrine therapy,other,other,other,Breast cancer; ER Breast cancer,carried
CHAD,32380,hemonc,1,0,0,0,0,1,Chemotherapy,other,other,cisplatin,Ovarian cancer,carried
Chidamide monotherapy,33461,hemonc,0,0,1,0,0,1,Targeted therapy,other,other,other,Peripheral T-cell lymphoma,carried
Chlorambucil and Cisplatin,32387,hemonc,1,0,0,0,0,1,Chemotherapy,other,other,cisplatin,Ovarian cancer,carried
Chlorambucil and Obinutuzumab (GClb),11865,hemonc,1,0,1,0,0,1,Chemotherapy; Targeted therapy,other,other,other,Chronic lymphocytic leukemia,carried
Chlorambucil and Ofatumumab,11877,hemonc,1,0,1,0,1,1,Chemotherapy; Supportive therapy; Targeted therapy,other,other,other,Chronic lymphocytic leukemia,carried
Chlorambucil and Prednisolone,10303,hemonc,1,0,0,0,0,1,Chemotherapy; Endocrine therapy,other,other,other,Breast cancer,carried
Chlorambucil and Prednisone,12741,hemonc,1,0,0,0,1,1,Chemotherapy; Glucocorticoid therapy,other,other,other,Chronic lymphocytic leukemia,carried
Chlorambucil and Rituximab (RClb),11885,hemonc,1,0,1,0,0,1,Chemotherapy; Targeted therapy,other,other,other,Chronic lymphocytic leukemia; MALT lymphoma; Mantle cell lymphoma,carried
Chlorambucil monotherapy,12697,hemonc,1,0,0,0,1,1,Chemotherapy; Supportive therapy,other,other,other,Chronic lymphocytic leukemia; Follicular lymphoma; MALT lymphoma; Mantle cell lymphoma; Marginal zone lymphoma; Waldenstroem macroglobulinemia,carried
"Chlorambucil, Dactinomycin, Methotrexate",37559,hemonc,1,0,0,0,0,1,Chemotherapy,other,other,other,Testicular cancer,carried
ChlVPP,23020,hemonc,1,0,0,0,1,1,Chemotherapy; Glucocorticoid therapy,other,other,other,Classical Hodgkin lymphoma,carried
ChlVPP/EVA,23028,hemonc,1,0,0,0,1,1,Chemotherapy; Glucocorticoid therapy,other,other,other,Classical Hodgkin lymphoma,carried
ChlVPP/PABIOE,23424,hemonc,1,0,0,0,1,1,Chemotherapy; Glucocorticoid therapy,other,other,other,Classical Hodgkin lymphoma,carried
CHOEP-14,3460,hemonc,1,0,0,0,1,1,Chemotherapy; Glucocorticoid therapy; Supportive therapy,other,other,other,Anaplastic large cell lymphoma; Diffuse large B-cell lymphoma; Peripheral T-cell lymphoma,carried
CHOEP-21,3468,hemonc,1,0,0,0,1,1,Chemotherapy; Glucocorticoid therapy; Supportive therapy,other,other,other,Anaplastic large cell lymphoma; Diffuse large B-cell lymphoma,carried
CHOP,3469,hemonc,1,0,0,0,1,1,Chemotherapy; Glucocorticoid therapy; Supportive therapy,other,other,other,Anaplastic large cell lymphoma; Chronic lymphocytic leukemia; Diffuse large B-cell lymphoma; Follicular lymphoma; HIV-associated lymphoma; Hodgkin lymphoma nodular lymphocyte-predominant; Mantle cell lymphoma; Peripheral T-cell lymphoma,carried
CHOP (Prednisolone),1412,hemonc,1,0,0,0,1,1,Chemotherapy; Glucocorticoid therapy,other,other,other,Diffuse large B-cell lymphoma; Mantle cell lymphoma,carried
CHOP and Everolimus,33366,hemonc,1,0,1,0,1,1,Chemotherapy; Glucocorticoid therapy; Targeted therapy,other,other,other,Peripheral T-cell lymphoma,carried
CHOP Modified,16900,hemonc,1,0,0,0,1,1,Chemotherapy; Glucocorticoid therapy,other,other,other,Diffuse large B-cell lymphoma,carried
CHOP-14,2676,hemonc,1,0,0,0,1,1,Chemotherapy; Glucocorticoid therapy; Supportive therapy,other,other,other,Adult T-cell leukemia-lymphoma; Diffuse large B-cell lymphoma,carried
CHOP-14 (Prednisolone),33489,hemonc,1,0,0,0,1,1,Chemotherapy; Glucocorticoid therapy; Supportive therapy,other,other,other,Peripheral T-cell lymphoma,carried
CHOP-B,16926,hemonc,1,0,0,0,1,1,Chemotherapy; Glucocorticoid therapy,other,other,other,Diffuse large B-cell lymphoma; Follicular lymphoma,carried
CHOP-BCG,16914,hemonc,1,1,0,0,1,1,Chemotherapy; Glucocorticoid therapy; Immunotherapy,other,other,other,Diffuse large B-cell lymphoma,carried
CHVmP-VB,47470,hemonc,1,0,0,0,1,1,Chemotherapy; Glucocorticoid therapy,other,other,other,Diffuse large B-cell lymphoma,carried
CHVP,19757,hemonc,1,0,0,0,1,1,Chemotherapy; Glucocorticoid therapy,other,other,other,Diffuse large B-cell lymphoma; Follicular lymphoma,carried
CHVP-I (Etoposide),135051,hemonc,1,1,0,0,1,1,Chemotherapy; Glucocorticoid therapy; Immunotherapy,other,other,other,Follicular lymphoma,carried
CIA,1246,hemonc,1,0,0,0,1,1,Chemotherapy; Supportive therapy,other,other,other,Acute myeloid leukemia,carried
CISCA,5482,hemonc,1,0,0,0,1,1,Chemotherapy; Supportive therapy,other,cisplatin,cisplatin,Non-small cell lung cancer; Ovarian cancer; Thymoma; Urothelial carcinoma,carried
CISCA/VB,37566,hemonc,1,0,0,0,0,1,Chemotherapy,other,other,cisplatin,Testicular cancer,carried
Cisplatin and Bevacizumab,4401,hemonc,1,0,1,0,0,1,Chemotherapy; Targeted therapy,other,other,cisplatin,Breast cancer; TNBC Breast cancer,carried
Cisplatin and Cetuximab,21821,hemonc,1,0,1,0,0,1,Chemotherapy; Targeted therapy,other,other,cisplatin,Head and neck cancer,carried
Cisplatin and Cyclophosphamide,32318,hemonc,1,0,0,0,0,1,Chemotherapy,other,other,cisplatin,Ovarian cancer,carried
Cisplatin and Dacarbazine,25369,hemonc,1,0,0,0,0,1,Chemotherapy,other,other,cisplatin,Melanoma,carried
Cisplatin and Docetaxel (DC),2569,hemonc,1,0,0,0,1,1,Chemotherapy; Supportive therapy,other,other,cisplatin,Breast cancer; Carcinoma of unknown primary; EGFR Non-small cell lung cancer; Esophageal cancer; Esophageal squamous cell carcinoma; Gastric cancer; Head and neck cancer; Non-small cell lung cancer; Non-small cell lung cancer nonsquamous; Non-small cell lung cancer squamous; TNBC Breast cancer,carried
Cisplatin and Docetaxel (DC) and Durvalumab,65363,hemonc,1,1,0,0,0,1,Chemotherapy; Immunotherapy,other,other,cisplatin,Non-small cell lung cancer,carried
Cisplatin and Docetaxel (DC) and Nivolumab,59980,hemonc,1,1,0,0,0,1,Chemotherapy; Immunotherapy,other,other,cisplatin,Non-small cell lung cancer; Non-small cell lung cancer squamous,carried
Cisplatin and Doxorubicin,15585,hemonc,1,0,0,0,1,1,Chemotherapy; Supportive therapy,other,other,cisplatin,Cutaneous basal cell carcinoma; Cutaneous squamous cell carcinoma; Endometrial cancer; Hepatoblastoma; Osteosarcoma,carried
Cisplatin and Epirubicin,37379,hemonc,1,0,0,0,1,1,Chemotherapy; Supportive therapy,other,other,cisplatin,Nasopharyngeal carcinoma; Testicular cancer,carried
Cisplatin and Etoposide (EP),17834,hemonc,1,0,0,0,1,1,Chemotherapy; Supportive therapy,other,other,cisplatin,Esophageal squamous cell carcinoma; Low-grade glioma pediatric; Neuroendocrine carcinoma; Non-small cell lung cancer; Non-small cell lung cancer nonsquamous; Small cell lung cancer; Testicular cancer; Thymoma,carried
Cisplatin and Etoposide (EP) and Bevacizumab,36312,hemonc,1,0,1,0,0,1,Chemotherapy; Targeted therapy,other,other,cisplatin,Small cell lung cancer,carried
Cisplatin and Etoposide (EP) and Durvalumab,49885,hemonc,1,1,0,0,0,1,Chemotherapy; Immunotherapy,other,other,cisplatin,Small cell lung cancer,carried
Cisplatin and Etoposide (EP) and Pembrolizumab,16429,hemonc,1,1,0,0,0,1,Chemotherapy; Immunotherapy,other,other,cisplatin,Small cell lung cancer,carried
Cisplatin and Etoposide (EP) and Tislelizumab,142224,hemonc,1,1,0,0,0,1,Chemotherapy; Immunotherapy,other,other,cisplatin,,carried
Cisplatin and Etoposide (EP) and Toripalimab,148319,atc,,,,0,,1,,other,other,other,,carried
Cisplatin and Fluorouracil (CF),3176,hemonc,1,0,0,0,1,1,Chemotherapy; Supportive therapy,other,other,cisplatin,Anal cancer; ERBB2 Gastric cancer; Esophageal adenocarcinoma; Esophageal cancer; Esophageal squamous cell carcinoma; Gastric cancer; Head and neck cancer; Nasopharyngeal carcinoma; Penile cancer,carried
Cisplatin and Fluorouracil (CF) and Cetuximab,18280,hemonc,1,0,1,0,1,1,Chemotherapy; Supportive therapy; Targeted therapy,other,other,cisplatin,Esophageal squamous cell carcinoma; Head and neck cancer,carried
Cisplatin and Fluorouracil (CF) and Nivolumab,59044,hemonc,1,1,0,0,0,1,Chemotherapy; Immunotherapy,other,other,cisplatin,Esophageal squamous cell carcinoma,carried
Cisplatin and Fluorouracil (CF) and Panitumumab,21848,hemonc,1,0,1,0,0,1,Chemotherapy; Targeted therapy,other,other,cisplatin,Head and neck cancer,carried
Cisplatin and Fluorouracil (CF) and Pembrolizumab,33004,hemonc,1,1,0,0,0,1,Chemotherapy; Immunotherapy,other,other,cisplatin,Esophageal cancer; Esophageal squamous cell carcinoma; Gastric cancer; Head and neck cancer,carried
Cisplatin and Fluorouracil (CF) and Serplulimab,148321,atc,,,,0,,1,,other,other,other,,carried
Cisplatin and Fluorouracil (CF) and Sintilimab,59981,hemonc,1,1,0,0,0,1,Chemotherapy; Immunotherapy,other,other,cisplatin,Esophageal squamous cell carcinoma,carried
Cisplatin and Fluorouracil (CF) and Sugemalimab,139925,hemonc,1,1,0,0,0,1,Chemotherapy; Immunotherapy,other,other,cisplatin,Esophageal squamous cell carcinoma,carried
Cisplatin and Fluorouracil (CF) and Tislelizumab,15228,hemonc,1,1,0,0,0,1,Chemotherapy; Immunotherapy,other,other,cisplatin,Esophageal squamous cell carcinoma; Gastric cancer,carried
Cisplatin and Fluorouracil (CF) and Trastuzumab,18281,hemonc,1,0,1,0,0,1,Chemotherapy; Targeted therapy,other,other,cisplatin,ERBB2 Gastric cancer; Gastric cancer,carried
Cisplatin and Fluorouracil (CF) and Vincristine,28789,hemonc,1,0,0,0,0,1,Chemotherapy,other,other,cisplatin,Hepatoblastoma,carried
"Cisplatin and Fluorouracil (CF), Pembrolizumab, Trastuzumab",121882,hemonc,1,1,1,0,0,1,Chemotherapy; Immunotherapy; Targeted therapy,other,other,cisplatin,ERBB2 Gastric cancer; Gastric cancer,carried
"Cisplatin and Fluorouracil (CF), Pertuzumab, Trastuzumab",142226,hemonc,1,0,1,0,0,1,Chemotherapy; Targeted therapy,other,other,cisplatin,,carried
Cisplatin and Gemcitabine (GC),2570,hemonc,1,0,0,0,1,1,Chemotherapy; Supportive therapy,cisplatin,cisplatin,cisplatin,ALK Non-small cell lung cancer; Bladder cancer; BRCA Pancreatic cancer; Breast cancer; Carcinoma of unknown primary; Cervical cancer; Cholangiocarcinoma; EGFR Non-small cell lung cancer; Gallbladder cancer; Malignant pleural mesothelioma; Nasopharyngeal carcinoma; Non-small cell lung cancer; Non-small cell lung cancer nonsquamous; Non-small cell lung cancer squamous; Ovarian cancer; Pancreatic cancer; TNBC Breast cancer; Upper tract urothelial carcinoma; Urothelial carcinoma,carried
Cisplatin and Gemcitabine (GC) and Atezolizumab,20326,hemonc,1,1,0,0,0,1,Chemotherapy; Immunotherapy,other,cisplatin,cisplatin,Urothelial carcinoma,carried
Cisplatin and Gemcitabine (GC) and Bevacizumab,30082,hemonc,1,0,1,0,0,1,Chemotherapy; Targeted therapy,other,cisplatin,cisplatin,Non-small cell lung cancer nonsquamous; Urothelial carcinoma,carried
Cisplatin and Gemcitabine (GC) and Camrelizumab,59045,hemonc,1,1,0,0,0,1,Chemotherapy; Immunotherapy,other,other,cisplatin,Nasopharyngeal carcinoma,carried
Cisplatin and Gemcitabine (GC) and Cetuximab,76534,hemonc,1,0,1,0,0,1,Chemotherapy; Targeted therapy,other,other,cisplatin,Non-small cell lung cancer,carried
Cisplatin and Gemcitabine (GC) and Durvalumab,15243,hemonc,1,1,0,0,0,1,Chemotherapy; Immunotherapy,other,other,cisplatin,Cholangiocarcinoma; Non-small cell lung cancer squamous,carried
Cisplatin and Gemcitabine (GC) and nab-Paclitaxel,11730,hemonc,1,0,0,0,0,1,Chemotherapy,other,other,cisplatin,Cholangiocarcinoma; Gallbladder cancer,carried
Cisplatin and Gemcitabine (GC) and Necitumumab,30186,hemonc,1,0,1,0,1,1,Chemotherapy; Supportive therapy; Targeted therapy,other,other,cisplatin,Non-small cell lung cancer squamous,carried
Cisplatin and Gemcitabine (GC) and Nivolumab,59984,hemonc,1,1,0,0,0,1,Chemotherapy; Immunotherapy,cisplatin,cisplatin,cisplatin,Non-small cell lung cancer squamous; Urothelial carcinoma,carried
Cisplatin and Gemcitabine (GC) and Pembrolizumab,60461,hemonc,1,1,0,0,0,1,Chemotherapy; Immunotherapy,other,cisplatin,cisplatin,Bladder cancer; Cholangiocarcinoma; Non-small cell lung cancer squamous; Urothelial carcinoma,carried
Cisplatin and Gemcitabine (GC) and Sintilimab,142236,hemonc,1,1,0,0,0,1,Chemotherapy; Immunotherapy,other,other,cisplatin,,carried
Cisplatin and Gemcitabine (GC) and Toripalimab,65364,hemonc,1,1,0,0,0,1,Chemotherapy; Immunotherapy,other,other,cisplatin,Nasopharyngeal carcinoma,carried
Cisplatin and Gemcitabine/Erlotinib,30924,hemonc,1,0,1,0,0,1,Chemotherapy; Targeted therapy,other,other,cisplatin,EGFR Non-small cell lung cancer; Non-small cell lung cancer,carried
Cisplatin and Ifosfamide,11480,hemonc,1,0,0,0,1,1,Chemotherapy; Supportive therapy,other,other,cisplatin,Cervical cancer; Endometrial cancer,carried
Cisplatin and Irinotecan (IC),2578,hemonc,1,0,0,0,1,1,Chemotherapy; Supportive therapy,other,other,cisplatin,Carcinoma of unknown primary; Esophageal adenocarcinoma; Esophageal cancer; Neuroendocrine carcinoma; Non-small cell lung cancer; Penile cancer; Small cell lung cancer,carried
Cisplatin and Methotrexate,5417,hemonc,1,0,0,0,0,1,Chemotherapy,other,cisplatin,cisplatin,Bladder cancer,carried
Cisplatin and Mitomycin,11487,hemonc,1,0,0,0,1,1,Chemotherapy; Supportive therapy,other,other,cisplatin,Cervical cancer,carried
Cisplatin and Mitotane,51404,hemonc,1,0,0,0,0,1,Chemotherapy,other,other,cisplatin,Adrenocortical carcinoma,carried
Cisplatin and nab-Paclitaxel,148323,atc,,,,0,,1,,other,other,other,,carried
Cisplatin and Paclitaxel (TP),11235,hemonc,1,0,0,0,1,1,Chemotherapy; Supportive therapy,other,other,cisplatin,Cervical cancer; Cutaneous basal cell carcinoma; Endometrial cancer; Esophageal adenocarcinoma; Esophageal cancer; Esophageal squamous cell carcinoma; Head and neck cancer; Non-small cell lung cancer; Ovarian cancer,carried
Cisplatin and Paclitaxel (TP) and Bevacizumab,11505,hemonc,1,0,1,0,0,1,Chemotherapy; Targeted therapy,other,other,cisplatin,Cervical cancer,carried
Cisplatin and Paclitaxel (TP) and Cadonilimab,145308,hemonc,1,1,0,0,0,1,Chemotherapy; Immunotherapy,other,other,cisplatin,,carried
Cisplatin and Paclitaxel (TP) and Camrelizumab,59047,hemonc,1,1,0,0,0,1,Chemotherapy; Immunotherapy,other,other,cisplatin,Esophageal squamous cell carcinoma,carried
Cisplatin and Paclitaxel (TP) and Cemiplimab,110602,hemonc,1,1,0,0,0,1,Chemotherapy; Immunotherapy,other,other,cisplatin,Non-small cell lung cancer,carried
Cisplatin and Paclitaxel (TP) and Pembrolizumab,65367,hemonc,1,1,0,0,0,1,Chemotherapy; Immunotherapy,other,other,cisplatin,Cervical cancer; Esophageal squamous cell carcinoma,carried
Cisplatin and Paclitaxel (TP) and Sintilimab,60000,hemonc,1,1,0,0,0,1,Chemotherapy; Immunotherapy,other,other,cisplatin,Esophageal squamous cell carcinoma,carried
Cisplatin and Paclitaxel (TP) and Tislelizumab,121885,hemonc,1,1,0,0,0,1,Chemotherapy; Immunotherapy,other,other,cisplatin,Esophageal squamous cell carcinoma,carried
Cisplatin and Paclitaxel (TP) and Toripalimab,60003,hemonc,1,1,0,0,0,1,Chemotherapy; Immunotherapy,other,other,cisplatin,Esophageal squamous cell carcinoma,carried
"Cisplatin and Paclitaxel (TP), Atezolizumab, Bevacizumab",135075,hemonc,1,1,1,0,0,1,Chemotherapy; Immunotherapy; Targeted therapy,other,other,cisplatin,Cervical cancer,carried
"Cisplatin and Paclitaxel (TP), Bevacizumab, Cadonilimab",145320,hemonc,1,1,1,0,0,1,Chemotherapy; Immunotherapy; Targeted therapy,other,other,cisplatin,,carried
"Cisplatin and Paclitaxel (TP), Bevacizumab, Pembrolizumab",65366,hemonc,1,1,1,0,0,1,Chemotherapy; Immunotherapy; Targeted therapy,other,other,cisplatin,Cervical cancer,carried
Cisplatin and Pemetrexed,26070,hemonc,1,0,0,0,1,1,Chemotherapy; Supportive therapy,other,other,cisplatin,ALK Non-small cell lung cancer; EGFR Non-small cell lung cancer; Malignant pleural mesothelioma; Non-small cell lung cancer; Non-small cell lung cancer nonsquamous; RET Non-small cell lung cancer,carried
Cisplatin and Raltitrexed,26084,hemonc,1,0,0,0,0,1,Chemotherapy,other,other,cisplatin,Malignant pleural mesothelioma,carried
Cisplatin and S-1,20150,hemonc,1,0,0,0,0,1,Chemotherapy,other,other,cisplatin,Gastric cancer,carried
Cisplatin and Temozolomide,34029,hemonc,1,0,0,0,0,1,Chemotherapy,other,other,cisplatin,Melanoma,carried
Cisplatin and Topotecan,11509,hemonc,1,0,0,0,0,1,Chemotherapy,other,other,cisplatin,Cervical cancer,carried
Cisplatin and Vinblastine,28947,hemonc,1,0,0,0,0,1,Chemotherapy,other,other,cisplatin,Non-small cell lung cancer,carried
Cisplatin and Vindesine,28948,hemonc,1,0,0,0,0,1,Chemotherapy,other,other,cisplatin,Non-small cell lung cancer,carried
Cisplatin and Vinorelbine (CVb),8092,hemonc,1,0,0,0,1,1,Chemotherapy; Supportive therapy,other,other,cisplatin,ALK Non-small cell lung cancer; Breast cancer; Cervical cancer; EGFR Non-small cell lung cancer; Non-small cell lung cancer; Non-small cell lung cancer nonsquamous,carried
Cisplatin and Vinorelbine (CVb) and Nivolumab,59989,hemonc,1,1,0,0,0,1,Chemotherapy; Immunotherapy,other,other,cisplatin,Non-small cell lung cancer,carried
Cisplatin monotherapy,2561,hemonc,1,0,0,0,0,1,Chemotherapy,other,cisplatin,cisplatin,Breast cancer; Carcinoma of unknown primary; Cervical cancer; Head and neck cancer; Hepatoblastoma; Malignant pleural mesothelioma; Non-small cell lung cancer; Ovarian cancer; Soft tissue sarcoma; TNBC Breast cancer; Urothelial carcinoma,carried
"Cisplatin, Cyclophosphamide, Interferon gamma-1b",32451,hemonc,1,1,0,0,0,1,Chemotherapy; Immunotherapy,other,other,cisplatin,Ovarian cancer,carried
"Cisplatin, Dacarbazine, IL-2, IFN alfa-2b +/- Carmustine",25377,hemonc,1,1,0,0,0,1,Chemotherapy; Immunotherapy,other,other,cisplatin,Melanoma,carried
"Cisplatin, Dacarbazine, Interferon alfa-2b",25953,hemonc,1,1,0,0,0,1,Chemotherapy; Immunotherapy,other,other,cisplatin,Melanoma,carried
"Cisplatin, Dacarbazine, Paclitaxel",25378,hemonc,1,0,0,0,0,1,Chemotherapy,other,other,cisplatin,Melanoma,carried
"Cisplatin, Doxorubicin, Paclitaxel",17582,hemonc,1,0,0,0,1,1,Chemotherapy; Supportive therapy,other,other,cisplatin,Endometrial cancer,carried
"Cisplatin, Epirubicin, Ifosfamide",31326,hemonc,1,0,0,0,1,1,Chemotherapy; Supportive therapy,other,other,cisplatin,Osteosarcoma,carried
"Cisplatin, Etoposide, Irinotecan",36393,hemonc,1,0,0,0,1,1,Chemotherapy; Supportive therapy,other,other,cisplatin,Small cell lung cancer,carried
"Cisplatin, Gefitinib, Pemetrexed",114738,hemonc,1,0,1,0,0,1,Chemotherapy; Targeted therapy,other,other,cisplatin,EGFR Non-small cell lung cancer; Non-small cell lung cancer,carried
"Cisplatin, Interferon alfa-2a, Isotretinoin",15652,hemonc,1,1,0,0,0,1,Chemotherapy; Immunotherapy,other,other,cisplatin,Cutaneous squamous cell carcinoma,carried
"Cisplatin, Osimertinib, Pemetrexed",15375,hemonc,1,0,1,0,0,1,Chemotherapy; Targeted therapy,other,other,cisplatin,EGFR Non-small cell lung cancer; Non-small cell lung cancer,carried
"Cisplatin, Pemetrexed, Atezolizumab",34079,hemonc,1,1,0,0,0,1,Chemotherapy; Immunotherapy,other,other,cisplatin,Non-small cell lung cancer nonsquamous,carried
"Cisplatin, Pemetrexed, Bevacizumab",26085,hemonc,1,0,1,0,1,1,Chemotherapy; Supportive therapy; Targeted therapy,other,other,cisplatin,Malignant pleural mesothelioma; Non-small cell lung cancer nonsquamous,carried
"Cisplatin, Pemetrexed, Cemiplimab",110603,hemonc,1,1,0,0,0,1,Chemotherapy; Immunotherapy,other,other,cisplatin,Non-small cell lung cancer nonsquamous,carried
"Cisplatin, Pemetrexed, Ipilimumab, Nivolumab",4282,hemonc,1,1,0,0,0,1,Chemotherapy; Immunotherapy,other,other,cisplatin,Non-small cell lung cancer nonsquamous,carried
"Cisplatin, Pemetrexed, Nivolumab",60005,hemonc,1,1,0,0,0,1,Chemotherapy; Immunotherapy,other,other,cisplatin,Non-small cell lung cancer nonsquamous,carried
"Cisplatin, Pemetrexed, Pembrolizumab",30151,hemonc,1,1,0,0,1,1,Chemotherapy; Immunotherapy; Supportive therapy,other,other,cisplatin,ERBB2 Non-small cell lung cancer; Malignant pleural mesothelioma; Non-small cell lung cancer; Non-small cell lung cancer nonsquamous; RET Non-small cell lung cancer,carried
"Cisplatin, Pemetrexed, Sintilimab",4415,hemonc,1,1,0,0,0,1,Chemotherapy; Immunotherapy,other,other,cisplatin,Non-small cell lung cancer nonsquamous,carried
"Cisplatin, Pemetrexed, Tislelizumab",14633,hemonc,1,1,0,0,0,1,Chemotherapy; Immunotherapy,other,other,cisplatin,Non-small cell lung cancer nonsquamous,carried
"Cisplatin, Vinorelbine, Cetuximab",29931,hemonc,1,0,1,0,0,1,Chemotherapy; Targeted therapy,other,other,cisplatin,Non-small cell lung cancer,carried
Cladribine and Cyclophosphamide (CC),11846,hemonc,1,0,0,0,1,1,Chemotherapy; Supportive therapy,other,other,other,Chronic lymphocytic leukemia,carried
Cladribine and Cytarabine,23708,hemonc,1,0,0,0,0,1,Chemotherapy,other,other,other,Hypereosinophilic syndrome; Langerhans cell histiocytosis,carried
Cladribine and Prednisone,75832,hemonc,1,0,0,0,1,1,Chemotherapy; Glucocorticoid therapy,other,other,other,Chronic lymphocytic leukemia,carried
Cladribine and Rituximab,21218,hemonc,1,0,1,0,1,1,Chemotherapy; Supportive therapy; Targeted therapy,other,other,other,Hairy cell leukemia; MALT lymphoma; Mantle cell lymphoma; Waldenstroem macroglobulinemia,carried
Cladribine monotherapy,2239,hemonc,1,0,0,0,1,1,Chemotherapy; Supportive therapy,other,other,other,Acute myeloid leukemia; Chronic lymphocytic leukemia; Hairy cell leukemia; Langerhans cell histiocytosis; MALT lymphoma; Mantle cell lymphoma; Systemic mastocytosis,carried
CLAG-M,1641,hemonc,1,0,0,0,1,1,Chemotherapy; Growth factor therapy,other,other,other,Acute myeloid leukemia,carried
CLARA,1595,hemonc,1,0,0,0,1,1,Chemotherapy; Growth factor therapy,other,other,other,Acute myeloid leukemia,carried
Clarithromycin monotherapy,24993,hemonc,0,0,0,0,1,0,Antibiotic therapy,other,other,other,MALT lymphoma,carried
"Clarithromycin, Metronidzole, PPI",15267,hemonc,0,0,0,0,1,0,Antibiotic therapy,other,other,other,MALT lymphoma,carried
"Clarithromycin, Tetracycline, PPI, Bismuth",15343,hemonc,0,0,0,0,1,0,Antibiotic therapy,other,other,other,MALT lymphoma,carried
CLF,17910,hemonc,1,0,0,0,1,1,Chemotherapy; Supportive therapy,other,other,cisplatin,Esophageal adenocarcinoma; Gastric cancer,carried
Clofarabine and Cytarabine,1719,hemonc,1,0,0,0,1,1,Chemotherapy; Supportive therapy,other,other,other,Acute myeloid leukemia,carried
Clofarabine and LoDAC,1435,hemonc,1,0,0,0,0,1,Chemotherapy,other,other,other,Acute myeloid leukemia,carried
Clofarabine and LoDAC/Decitabine,1438,hemonc,1,0,0,0,0,1,Chemotherapy,other,other,other,Acute myeloid leukemia,carried
Clofarabine monotherapy,1422,hemonc,1,0,0,0,1,1,Chemotherapy; Supportive therapy,other,other,other,Acute myeloid leukemia; B-cell acute lymphoblastic leukemia; B-cell acute lymphoblastic leukemia pediatric; Myelodysplastic syndrome,carried
CMC,11911,hemonc,1,0,0,0,0,1,Chemotherapy,other,other,other,Chronic lymphocytic leukemia,carried
CMED,33358,hemonc,1,0,0,0,1,1,Chemotherapy; Glucocorticoid therapy; Supportive therapy,other,other,other,Peripheral T-cell lymphoma,carried
CMF,6134,hemonc,1,0,0,0,1,1,Chemotherapy; Supportive therapy,other,other,other,Breast cancer; Prostate cancer; TNBC Breast cancer,carried
CMF and H,36889,hemonc,1,0,1,0,0,1,Chemotherapy; Targeted therapy,other,other,other,Breast cancer; ERBB2 Breast cancer,carried
CMF-E,121894,hemonc,1,0,0,0,0,1,Chemotherapy,other,other,other,Breast cancer,carried
CMFP,9985,hemonc,1,0,0,0,0,1,Chemotherapy; Endocrine therapy,other,other,other,Breast cancer,carried
CMFPT,10012,hemonc,1,0,0,1,0,1,Chemotherapy; Endocrine therapy,other,other,other,Breast cancer,carried
CMFT,6580,hemonc,1,0,0,1,0,1,Chemotherapy; Endocrine therapy,other,other,other,Breast cancer; ER Breast cancer,carried
CMFV,10335,hemonc,1,0,0,0,0,1,Chemotherapy,other,other,other,Breast cancer,carried
CMFVP,10025,hemonc,1,0,0,0,0,1,Chemotherapy; Endocrine therapy,other,other,other,Breast cancer,carried
CNOP,16974,hemonc,1,0,0,0,1,1,Chemotherapy; Glucocorticoid therapy,other,other,other,Diffuse large B-cell lymphoma,carried
CNOP (Prednisolone),1459,hemonc,1,0,0,0,1,1,Chemotherapy; Glucocorticoid therapy,other,other,other,Diffuse large B-cell lymphoma,carried
Cobimetinib and Vemurafenib,25841,hemonc,0,0,1,0,0,1,Targeted therapy,other,other,other,BRAF Melanoma; Craniopharyngioma; Melanoma,carried
Cobimetinib monotherapy,17789,hemonc,0,0,1,0,0,1,Targeted therapy,other,other,other,Erdheim-Chester disease; Langerhans cell histiocytosis; Rosai-Dorfman-Destombes disease,carried
"Cobimetinib, Vemurafenib, Atezolizumab",6053,hemonc,0,1,1,0,0,1,Immunotherapy; Targeted therapy,other,other,other,BRAF Melanoma; Melanoma,carried
CODOX-M,10595,hemonc,1,0,0,0,1,1,Chemotherapy; Supportive therapy,other,other,other,Burkitt lymphoma; HIV-associated lymphoma,carried
CODOX-M/IVAC,10608,hemonc,1,0,0,0,1,1,Chemotherapy; Supportive therapy,other,other,other,Burkitt lymphoma; HIV-associated lymphoma,carried
COG A3961 protocol,28714,hemonc,1,0,0,0,0,1,Chemotherapy,other,other,carboplatin,Neuroblastoma,carried
COG AHEP0731 protocol F,115810,hemonc,1,0,1,0,1,1,Chemotherapy; Supportive therapy; Targeted therapy,other,other,cisplatin,Hepatoblastoma,carried
COG AHEP0731 protocol H - non-responders,120037,hemonc,1,0,1,0,1,1,Chemotherapy; Supportive therapy; Targeted therapy,other,other,cisplatin,Hepatoblastoma,carried
COG AHEP0731 protocol W,112636,hemonc,1,0,0,0,0,1,Chemotherapy,other,other,other,Hepatoblastoma,carried
COG ANBL 0032 Regimen A,116794,hemonc,1,0,0,0,0,1,Chemotherapy,other,other,other,Neuroblastoma,carried
COG D9602 Subgroup B Clinical Group 1 protocol,120051,hemonc,1,0,0,0,0,1,Chemotherapy,other,other,other,Rhabdomyosarcoma pediatric,carried
COJEC,28113,hemonc,1,0,0,0,0,1,Chemotherapy,other,other,cisplatin,Neuroblastoma,carried
Colchicine monotherapy,49894,hemonc,1,0,0,0,0,1,Chemotherapy,other,other,other,Light-chain (AL) amyloidosis,carried
COMP,4935,hemonc,1,0,0,0,1,1,Chemotherapy; Glucocorticoid therapy,other,other,other,B-cell acute lymphoblastic leukemia pediatric; Classical Hodgkin lymphoma; Diffuse large B-cell lymphoma,carried
COP-Bleo,16987,hemonc,1,0,0,0,1,1,Chemotherapy; Glucocorticoid therapy,other,other,other,Diffuse large B-cell lymphoma,carried
COPAD,10623,hemonc,1,0,0,0,1,1,Chemotherapy; Glucocorticoid therapy,other,other,other,Burkitt lymphoma,carried
COPAD/CYVE,10657,hemonc,1,0,0,0,1,1,Chemotherapy; Glucocorticoid therapy,other,other,other,Burkitt lymphoma,carried
COPADM,10541,hemonc,1,0,1,0,1,1,Chemotherapy; Glucocorticoid therapy; Supportive therapy; Targeted therapy,other,other,other,Burkitt lymphoma; Non-Hodgkin lymphoma pediatric,carried
Copanlisib and Rituximab,31277,hemonc,0,0,1,0,0,1,Targeted therapy,other,other,other,Follicular lymphoma,carried
Copanlisib monotherapy,19640,hemonc,0,0,1,0,0,1,Targeted therapy,other,other,other,Follicular lymphoma; Marginal zone lymphoma,carried
COPDAC,22994,hemonc,1,0,0,0,1,1,Chemotherapy; Glucocorticoid therapy,other,other,other,Classical Hodgkin lymphoma pediatric,carried
COPP (CCNU),23440,hemonc,1,0,0,0,1,1,Chemotherapy; Glucocorticoid therapy,other,other,other,Classical Hodgkin lymphoma,carried
COPP/ABVD,23075,hemonc,1,0,0,0,1,1,Chemotherapy; Glucocorticoid therapy,other,other,other,Classical Hodgkin lymphoma,carried
Cosibelimab monotherapy,148364,none,,,,0,,0,,other,other,other,,carried
CP-AC,112656,hemonc,1,0,0,0,0,1,Chemotherapy,other,other,carboplatin,Breast cancer; TNBC Breast cancer,carried
CP-AC and Pembrolizumab,112657,hemonc,1,1,0,0,0,1,Chemotherapy; Immunotherapy,other,other,carboplatin,Breast cancer; TNBC Breast cancer,carried
CP-EC,112658,hemonc,1,0,0,0,0,1,Chemotherapy,other,other,carboplatin,Breast cancer; TNBC Breast cancer,carried
CP-EC and Pembrolizumab,112659,hemonc,1,1,0,0,0,1,Chemotherapy; Immunotherapy,other,other,carboplatin,Breast cancer; TNBC Breast cancer,carried
CPB,10073,hemonc,1,0,0,0,0,1,Chemotherapy,other,other,cisplatin,Breast cancer,carried
CPR,26572,hemonc,1,0,1,0,1,1,Chemotherapy; Glucocorticoid therapy; Supportive therapy; Targeted therapy,other,other,other,Multiple myeloma,carried
CPX-351 monotherapy,1449,hemonc,1,0,0,0,0,1,Chemotherapy,other,other,other,Acute myeloid leukemia,carried
CRd,24191,hemonc,1,0,1,0,1,1,Chemotherapy; Glucocorticoid therapy; Supportive therapy; Targeted therapy,other,other,other,Light-chain (AL) amyloidosis; Multiple myeloma,carried
Crizotinib monotherapy,30848,hemonc,0,0,1,0,0,1,Targeted therapy,other,other,other,ALK Non-small cell lung cancer; Anaplastic large cell lymphoma pediatric; Inflammatory myofibroblastic tumor; Non-small cell lung cancer; ROS1 Non-small cell lung cancer,carried
CTD,24213,hemonc,1,0,1,0,1,1,Chemotherapy; Glucocorticoid therapy; Supportive therapy; Targeted therapy,other,other,other,Light-chain (AL) amyloidosis; Multiple myeloma,carried
CVAD,26266,hemonc,1,0,0,0,1,1,Chemotherapy; Glucocorticoid therapy; Supportive therapy,other,other,other,Multiple myeloma,carried
CVB,23652,hemonc,1,0,0,0,0,1,Chemotherapy,other,other,other,Classical Hodgkin lymphoma,carried
CVD (Vinblastine),25385,hemonc,1,0,0,0,1,1,Chemotherapy; Supportive therapy,other,other,cisplatin,Melanoma,carried
CVD (Vindesine),25404,hemonc,1,0,0,0,0,1,Chemotherapy,other,other,cisplatin,Melanoma,carried
"CVD, IL-2, IFN alfa-2b - sequential biochemotherapy",25046,hemonc,1,1,0,0,1,1,Chemotherapy; Immunotherapy; Supportive therapy,other,other,cisplatin,Melanoma,carried
CVP,12242,hemonc,1,0,0,0,1,1,Chemotherapy; Glucocorticoid therapy,other,other,other,Burkitt lymphoma; Chronic lymphocytic leukemia; Diffuse large B-cell lymphoma; Follicular lymphoma; HIV-associated lymphoma; Multiple myeloma; Non-Hodgkin lymphoma pediatric,carried
CVP (Prednisolone),1544,hemonc,1,0,0,0,1,1,Chemotherapy; Glucocorticoid therapy,other,other,other,Mantle cell lymphoma,carried
CVP (Vinblastine/Prednisolone),1579,hemonc,1,0,0,0,1,1,Chemotherapy; Glucocorticoid therapy,other,other,other,Hodgkin lymphoma nodular lymphocyte-predominant,carried
CVPP,23467,hemonc,1,0,0,0,1,1,Chemotherapy; Glucocorticoid therapy,other,other,other,Classical Hodgkin lymphoma,carried
CVPP (Cyclophosphamide),135137,hemonc,1,0,0,0,1,1,Chemotherapy; Glucocorticoid therapy,other,other,other,Classical Hodgkin lymphoma,carried
Cyclophosphamide and Dexamethasone,27254,hemonc,1,0,0,0,1,1,Chemotherapy; Glucocorticoid therapy,other,other,other,Light-chain (AL) amyloidosis; Multiple myeloma,carried
Cyclophosphamide and Docetaxel (TC),6592,hemonc,1,0,0,0,1,1,Chemotherapy; Supportive therapy,other,other,other,Breast cancer,carried
Cyclophosphamide and Doxorubicin (AC),5770,hemonc,1,0,0,0,0,1,Chemotherapy,other,other,other,Breast cancer; ERBB2 Breast cancer; TNBC Breast cancer,carried
Cyclophosphamide and Doxorubicin (AC) and Bevacizumab,5885,hemonc,1,0,1,0,0,1,Chemotherapy; Targeted therapy,other,other,other,Breast cancer,carried
Cyclophosphamide and Epirubicin (EC),5924,hemonc,1,0,0,0,0,1,Chemotherapy,other,other,other,Breast cancer; ERBB2 Breast cancer,carried
Cyclophosphamide and Epirubicin (EC) and Bevacizumab,7533,hemonc,1,0,1,0,0,1,Chemotherapy; Targeted therapy,other,other,other,Breast cancer,carried
Cyclophosphamide and Fludarabine (FC),2913,hemonc,1,1,0,0,1,1,Chemotherapy; Immunotherapy; Supportive therapy,other,other,other,Chronic lymphocytic leukemia; Follicular lymphoma; Mantle cell lymphoma,carried
Cyclophosphamide and Lomustine,31855,hemonc,1,0,0,0,0,1,Chemotherapy,other,other,other,Small cell lung cancer,carried
Cyclophosphamide and Methotrexate (CM),47473,hemonc,1,0,0,0,0,1,Chemotherapy,other,other,other,Breast cancer,carried
Cyclophosphamide and Non-pegylated liposomal doxorubicin (MC),7783,hemonc,1,0,0,0,0,1,Chemotherapy,other,other,other,Breast cancer,carried
Cyclophosphamide and Prednisone,797,hemonc,1,0,0,0,1,1,Chemotherapy; Glucocorticoid therapy; Immunosuppressive therapy; Supportive therapy,other,other,other,Acquired hemophilia A; Burkitt lymphoma; Large granular lymphocytic leukemia; Multiple myeloma,carried
Cyclophosphamide and Topotecan,18718,hemonc,1,0,0,0,1,1,Chemotherapy; Supportive therapy,other,other,other,Ewing sarcoma; Osteosarcoma,carried
Cyclophosphamide and Vincristine,28741,hemonc,1,0,0,0,0,1,Chemotherapy,other,other,other,Neuroblastoma,carried
Cyclophosphamide monotherapy,3360,hemonc,1,0,0,0,1,1,Chemotherapy; Immunosuppressive therapy; Supportive therapy,other,other,other,Anaplastic glioma; B-cell acute lymphoblastic leukemia pediatric; Breast cancer; Diffuse large B-cell lymphoma; Follicular lymphoma; Glioblastoma; Large granular lymphocytic leukemia; Multiple myeloma; Neuroblastoma; Prostate cancer,carried
"Cyclophosphamide, Cytarabine, Mercaptopurine",4363,hemonc,1,0,0,0,0,1,Chemotherapy,other,other,other,B-cell acute lymphoblastic leukemia,carried
"Cyclophosphamide, Cytarabine, Pegaspargase, Thioguanine, Vincristine, Dexamethasone",48495,hemonc,1,0,0,0,1,1,Chemotherapy; Glucocorticoid therapy,other,other,other,B-cell acute lymphoblastic leukemia,carried
"Cyclophosphamide, Dacarbazine, Vincristine",33499,hemonc,1,0,0,0,0,1,Chemotherapy,other,other,other,Pheochromocytoma,carried
"Cyclophosphamide, Daunorubicin, L-Asparaginase, Vincristine, Prednisone",4338,hemonc,1,0,0,0,1,1,Chemotherapy; Glucocorticoid therapy; Supportive therapy,other,other,other,B-cell acute lymphoblastic leukemia; T-cell acute lymphoblastic leukemia,carried
"Cyclophosphamide, Daunorubicin, L-Asparaginase, Vincristine, Prednisone, Rituximab",4418,hemonc,1,0,1,0,1,1,Chemotherapy; Glucocorticoid therapy; Supportive therapy; Targeted therapy,other,other,other,B-cell acute lymphoblastic leukemia,carried
"Cyclophosphamide, Daunorubicin, Vincristine, Prednisolone",1591,hemonc,1,0,0,0,1,1,Chemotherapy; Glucocorticoid therapy,other,other,other,B-cell acute lymphoblastic leukemia,carried
"Cyclophosphamide, Daunorubicin, Vincristine, Prednisone",4378,hemonc,1,0,0,0,1,1,Chemotherapy; Glucocorticoid therapy,other,other,other,B-cell acute lymphoblastic leukemia,carried
"Cyclophosphamide, Doxorubicin, L-asparaginase, Vincristine, Prednisolone",4942,hemonc,1,0,0,0,1,1,Chemotherapy; Glucocorticoid therapy; Supportive therapy,other,other,other,B-cell acute lymphoblastic leukemia,carried
"Cyclophosphamide, Idarubicin, Vincristine, Prednisone",4420,hemonc,1,0,0,0,1,1,Chemotherapy; Glucocorticoid therapy,other,other,other,B-cell acute lymphoblastic leukemia,carried
"Cyclophosphamide, Lomustine, Procarbazine",31879,hemonc,1,0,0,0,0,1,Chemotherapy,other,other,other,Small cell lung cancer,carried
"Cyclophosphamide, Prednisone, Diethylstilbestrol",34695,hemonc,1,0,0,1,1,1,Chemotherapy; Endocrine therapy; Supportive therapy,other,other,other,Prostate cancer,carried
CYKLONE,27001,hemonc,1,0,1,0,1,1,Chemotherapy; Glucocorticoid therapy; Supportive therapy; Targeted therapy,other,other,other,Multiple myeloma,carried
Cyproterone acetate monotherapy,34960,hemonc,0,0,0,0,0,0,Endocrine therapy,other,other,other,Prostate cancer,carried
Cytarabine and Daunorubicin,1005,hemonc,1,0,0,0,0,1,Chemotherapy,other,other,other,Acute myeloid leukemia; Acute promyelocytic leukemia,carried
Cytarabine and Etoposide (CYVE),1105,hemonc,1,0,0,0,0,1,Chemotherapy,other,other,other,Acute myeloid leukemia; Acute myeloid leukemia pediatric; Burkitt lymphoma; CNS lymphoma; NPM1 Acute myeloid leukemia,carried
Cytarabine and G-CSF,2529,hemonc,1,0,0,0,1,1,Chemotherapy; Growth factor therapy,other,other,other,,carried
Cytarabine and Idarubicin,1104,hemonc,1,0,0,0,1,1,Chemotherapy; Supportive therapy,other,other,other,Acute myeloid leukemia; Acute promyelocytic leukemia; B-cell acute lymphoblastic leukemia,carried
Cytarabine and Methotrexate (CYM),10624,hemonc,1,0,0,0,1,1,Chemotherapy; Supportive therapy,other,other,other,Burkitt lymphoma; CNS lymphoma; Diffuse large B-cell lymphoma; Langerhans cell histiocytosis,carried
Cytarabine and Thioguanine,1774,hemonc,1,0,0,0,0,1,Chemotherapy,other,other,other,Acute myeloid leukemia; Acute myeloid leukemia pediatric,carried
Cytarabine and Vosaroxin,75489,hemonc,1,0,0,0,0,1,Chemotherapy,other,other,other,Acute myeloid leukemia,carried
Cytarabine monotherapy,2183,hemonc,1,0,0,0,0,1,Chemotherapy,other,other,other,Acute myeloid leukemia; B-cell acute lymphoblastic leukemia; Diffuse large B-cell lymphoma,carried
"Cytarabine, Daunorubicin, Gemtuzumab ozogamicin",1094,hemonc,1,0,1,0,0,1,Antibody-drug conjugate therapy; Chemotherapy,other,other,other,Acute myeloid leukemia,carried
"Cytarabine, Daunorubicin, L-Asparaginase, Teniposide, Vincristine, Prednisone",4956,hemonc,1,0,0,0,1,1,Chemotherapy; Glucocorticoid therapy,other,other,other,B-cell acute lymphoblastic leukemia pediatric,carried
"Cytarabine, Daunorubicin, Mercaptopurine, Prednisolone",2010,hemonc,1,0,0,0,1,1,Chemotherapy; Glucocorticoid therapy,other,other,other,Acute myeloid leukemia,carried
"Cytarabine, Daunorubicin, Vincristine",1990,hemonc,1,0,0,0,0,1,Chemotherapy,other,other,other,Acute myeloid leukemia,carried
"Cytarabine, Idarubicin, Imatinib",4834,hemonc,1,0,1,0,0,1,Chemotherapy; Targeted therapy,other,other,other,B-cell acute lymphoblastic leukemia; BCR::ABL1 B-cell acute lymphoblastic leukemia,carried
"Cytarabine, Idarubicin, Rituximab",4419,hemonc,1,0,1,0,1,1,Chemotherapy; Supportive therapy; Targeted therapy,other,other,other,B-cell acute lymphoblastic leukemia,carried
"Cytarabine, Idarubicin, Vorinostat",1976,hemonc,1,0,1,0,1,1,Chemotherapy; Supportive therapy; Targeted therapy,other,other,other,Acute myeloid leukemia,carried
D-AC+Bev,56896,hemonc,1,0,1,0,0,1,Chemotherapy; Targeted therapy,other,other,other,Breast cancer,carried
D-FEC,28393,hemonc,1,0,0,0,0,1,Chemotherapy,other,other,other,Breast cancer; ERBB2 Breast cancer; TNBC Breast cancer,carried
D-FEC+Bev,28404,hemonc,1,0,1,0,0,1,Chemotherapy; Targeted therapy,other,other,other,Breast cancer,carried
DA 3+10,1276,hemonc,1,0,0,0,0,1,Chemotherapy,other,other,other,Acute myeloid leukemia; Acute myeloid leukemia pediatric; FLT3 Acute myeloid leukemia,carried
"DA 3+10, GO",1259,hemonc,1,0,1,0,0,1,Antibody-drug conjugate therapy; Chemotherapy,other,other,other,Acute myeloid leukemia; Acute myeloid leukemia pediatric,carried
DA 3+8,32008,hemonc,1,0,0,0,0,1,Chemotherapy,other,other,other,Acute myeloid leukemia,carried
DA 3+8 and GO,32029,hemonc,1,0,1,0,0,1,Antibody-drug conjugate therapy; Chemotherapy,other,other,other,Acute myeloid leukemia,carried
DA-EPOCH,3470,hemonc,1,0,0,0,1,1,Chemotherapy; Glucocorticoid therapy; Supportive therapy,other,other,other,Anaplastic large cell lymphoma; Diffuse large B-cell lymphoma; Peripheral T-cell lymphoma,carried
DA-R-EPOCH,10625,hemonc,1,0,1,0,1,1,Chemotherapy; Glucocorticoid therapy; Supportive therapy; Targeted therapy,other,other,other,Burkitt lymphoma; Diffuse large B-cell lymphoma; Mediastinal gray-zone lymphoma; Primary mediastinal B-cell lymphoma,carried
Dabrafenib and Trametinib,5134,hemonc,0,0,1,0,0,1,Targeted therapy,other,other,other,BRAF Melanoma; BRAF Non-small cell lung cancer; BRAF Thyroid cancer; CNS melanoma; Low-grade glioma pediatric; Malignant solid neoplasm BRAF-mutated; Melanoma; Non-small cell lung cancer; Thyroid cancer,carried
Dabrafenib monotherapy,11071,hemonc,0,0,1,0,0,1,Targeted therapy,other,other,other,BRAF Melanoma; CNS melanoma; Melanoma,carried
"Dabrafenib, Trametinib, Panitumumab",49917,hemonc,0,0,1,0,0,1,Targeted therapy,other,other,other,BRAF Colorectal cancer; Colorectal cancer,carried
DAC,1284,hemonc,1,0,0,0,1,1,Chemotherapy; Supportive therapy,other,other,other,Acute myeloid leukemia,carried
Dacarbazine and Doxorubicin,36938,hemonc,1,0,0,0,0,1,Chemotherapy,other,other,other,Soft tissue sarcoma,carried
Dacarbazine and Gemcitabine,37005,hemonc,1,0,0,0,0,1,Chemotherapy,other,other,other,Leiomyosarcoma; Soft tissue sarcoma,carried
Dacarbazine and Interferon alfa-2a,25569,hemonc,1,1,0,0,0,1,Chemotherapy; Immunotherapy,other,other,other,Melanoma,carried
Dacarbazine and Ipilimumab,25582,hemonc,1,1,0,0,0,1,Chemotherapy; Immunotherapy,other,other,other,Melanoma,carried
Dacarbazine and Tamoxifen,25967,hemonc,1,0,0,1,0,1,Chemotherapy; Endocrine therapy,other,other,other,Melanoma,carried
Dacarbazine and Vindesine,76205,hemonc,1,0,0,0,0,1,Chemotherapy,other,other,other,Melanoma,carried
Dacarbazine monotherapy,25429,hemonc,1,0,0,0,1,1,Chemotherapy; Supportive therapy,other,other,other,BRAF Melanoma; Leiomyosarcoma; Liposarcoma; Melanoma; NRAS Melanoma; Soft tissue sarcoma; Uveal melanoma,carried
Dacomitinib monotherapy,30925,hemonc,0,0,1,0,0,1,Targeted therapy,other,other,other,EGFR Non-small cell lung cancer; Non-small cell lung cancer,carried
Dactinomycin and Vincristine,38691,hemonc,1,0,0,0,0,1,Chemotherapy,other,other,other,Wilms tumor,carried
Dactinomycin monotherapy,17590,hemonc,1,0,0,0,0,1,Chemotherapy,other,other,other,Endometrial cancer; Gestational trophoblastic neoplasia; Rhabdomyosarcoma pediatric; Wilms tumor,carried
Danazol monotherapy,23901,hemonc,0,0,0,0,0,0,Endocrine therapy,other,other,other,Immune thrombocytopenia; Myelofibrosis,carried
Dara-CyBorD,18361,hemonc,1,0,1,0,1,1,Chemotherapy; Glucocorticoid therapy; Targeted therapy,other,other,other,Light-chain (AL) amyloidosis,carried
Dara-Pd,27662,hemonc,0,0,1,0,1,1,Glucocorticoid therapy; Supportive therapy; Targeted therapy,other,other,other,Multiple myeloma,carried
Dara-Pd (SC daratumumab),9752,hemonc,0,0,1,0,1,1,Glucocorticoid therapy; Targeted therapy,other,other,other,Multiple myeloma,carried
Dara-Rd,27262,hemonc,0,0,1,0,1,1,Glucocorticoid therapy; Targeted therapy,other,other,other,Multiple myeloma,carried
Dara-Rd (SC daratumumab),28465,hemonc,0,0,1,0,1,1,Glucocorticoid therapy; Targeted therapy,other,other,other,Multiple myeloma,carried
Dara-RVd,6472,hemonc,0,0,1,0,1,1,Glucocorticoid therapy; Targeted therapy,other,other,other,Multiple myeloma,carried
Dara-RVd (SC daratumumab),16911,hemonc,0,0,1,0,1,1,Glucocorticoid therapy; Targeted therapy,other,other,other,Multiple myeloma,carried
Dara-Vd,27281,hemonc,0,0,1,0,1,1,Glucocorticoid therapy; Targeted therapy,other,other,other,Multiple myeloma,carried
Daratumumab and hyaluronidase monotherapy,4962,hemonc,0,0,1,0,0,1,Targeted therapy,other,other,other,Multiple myeloma,carried
Daratumumab monotherapy,24334,hemonc,0,0,1,0,1,1,Supportive therapy; Targeted therapy,other,other,other,Light-chain (AL) amyloidosis; Multiple myeloma,carried
Darbepoetin alfa monotherapy,139994,hemonc,0,0,0,0,1,0,Growth factor therapy,other,other,other,Myelodysplastic syndrome,carried
Darinaparsin monotherapy,135143,hemonc,1,0,0,0,0,1,Chemotherapy,other,other,other,Peripheral T-cell lymphoma,carried
Dasatinib and Blinatumomab,22581,hemonc,0,1,1,0,0,1,Immunotherapy; Targeted therapy,other,other,other,B-cell acute lymphoblastic leukemia; BCR::ABL1 B-cell acute lymphoblastic leukemia,carried
Dasatinib and Prednisone,4768,hemonc,0,0,1,0,1,1,Glucocorticoid therapy; Targeted therapy,other,other,other,B-cell acute lymphoblastic leukemia; BCR::ABL1 B-cell acute lymphoblastic leukemia,carried
Dasatinib monotherapy,4853,hemonc,0,0,1,0,1,1,Supportive therapy; Targeted therapy,other,other,other,B-cell acute lymphoblastic leukemia; BCR::ABL1 B-cell acute lymphoblastic leukemia; Chronic myeloid leukemia; Chronic myeloid leukemia pediatric; Systemic mastocytosis,carried
"Dasatinib, Vincristine, Prednisone",4854,hemonc,1,0,1,0,1,1,Chemotherapy; Glucocorticoid therapy; Targeted therapy,other,other,other,B-cell acute lymphoblastic leukemia; BCR::ABL1 B-cell acute lymphoblastic leukemia,carried
DAT,2033,hemonc,1,0,0,0,0,1,Chemotherapy,other,other,other,Acute myeloid leukemia; Acute myeloid leukemia pediatric,carried
Datopotamab deruxtecan monotherapy,122035,none,,,,0,,0,,other,other,other,,carried
Daunorubicin liposomal monotherapy,38015,hemonc,1,0,0,0,1,1,Chemotherapy; Supportive therapy,other,other,other,Kaposi sarcoma,carried
Daunorubicin monotherapy,2025,hemonc,1,0,0,0,1,1,Chemotherapy; Supportive therapy,other,other,other,Acute myeloid leukemia; Acute promyelocytic leukemia,carried
"Daunorubicin, L-Asparaginase, Vincristine, Dexamethasone",120095,hemonc,1,0,0,0,1,1,Chemotherapy; Glucocorticoid therapy,other,other,other,T-cell acute lymphoblastic leukemia pediatric,carried
"Daunorubicin, L-Asparaginase, Vincristine, Prednisone, Imatinib",4364,hemonc,1,0,1,0,1,1,Chemotherapy; Glucocorticoid therapy; Targeted therapy,other,other,other,B-cell acute lymphoblastic leukemia; BCR::ABL1 B-cell acute lymphoblastic leukemia,carried
"Daunorubicin, Pegaspargase, Vincristine, Dexamethasone",4523,hemonc,1,0,0,0,1,1,Chemotherapy; Glucocorticoid therapy,other,other,other,B-cell acute lymphoblastic leukemia; B-cell acute lymphoblastic leukemia pediatric; T-cell acute lymphoblastic leukemia; T-cell acute lymphoblastic leukemia pediatric,carried
"Daunorubicin, Pegaspargase, Vincristine, Prednisone",4524,hemonc,1,0,0,0,1,1,Chemotherapy; Glucocorticoid therapy,other,other,other,B-cell acute lymphoblastic leukemia; B-cell acute lymphoblastic leukemia pediatric; T-cell acute lymphoblastic leukemia pediatric,carried
"Daunorubicin, Pegaspargase, Vincristine, Prednisone, Dasatinib",4974,hemonc,1,0,1,0,1,1,Chemotherapy; Glucocorticoid therapy; Targeted therapy,other,other,other,B-cell acute lymphoblastic leukemia pediatric; BCR::ABL1 B-cell acute lymphoblastic leukemia pediatric,carried
"Daunorubicin, Pegaspargase, Vincristine, Prednisone, Imatinib",4983,hemonc,1,0,1,0,1,1,Chemotherapy; Glucocorticoid therapy; Targeted therapy,other,other,other,B-cell acute lymphoblastic leukemia pediatric; BCR::ABL1 B-cell acute lymphoblastic leukemia pediatric,carried
"Daunorubicin, Vincristine, Prednisolone",139997,hemonc,1,0,0,0,1,1,Chemotherapy; Glucocorticoid therapy,other,other,other,B-cell acute lymphoblastic leukemia pediatric,carried
DCEP,26235,hemonc,1,0,0,0,1,1,Chemotherapy; Glucocorticoid therapy; Supportive therapy,other,other,cisplatin,Multiple myeloma,carried
DCEP and G-CSF,27904,hemonc,1,0,0,0,1,1,Chemotherapy; Glucocorticoid therapy; Supportive therapy,other,other,cisplatin,,carried
DCF,18354,hemonc,1,0,0,0,1,1,Chemotherapy; Supportive therapy,other,other,cisplatin,Carcinoma of unknown primary; Gastric cancer; Head and neck cancer; Nasopharyngeal carcinoma; Penile cancer,carried
DD-CHOP,33393,hemonc,1,0,1,0,1,1,Chemotherapy; Glucocorticoid therapy; Supportive therapy; Targeted therapy,other,other,other,Peripheral T-cell lymphoma,carried
ddA-ddT-ddC,116852,hemonc,1,0,0,0,1,1,Chemotherapy; Supportive therapy,other,other,other,Breast cancer,carried
"ddAC-THP (Paclitaxel, Phesgo)",120097,hemonc,1,0,1,0,1,1,Chemotherapy; Supportive therapy; Targeted therapy,other,other,other,Breast cancer; ERBB2 Breast cancer,carried
ddE-iddCMF,120099,hemonc,1,0,0,0,1,1,Chemotherapy; Supportive therapy,other,other,other,Breast cancer,carried
ddEC-ddD,145385,hemonc,1,0,0,0,1,1,Chemotherapy; Supportive therapy,other,other,other,,carried
ddEC-TH (Paclitaxel),63547,hemonc,1,0,1,0,1,1,Chemotherapy; Supportive therapy; Targeted therapy,other,other,other,Breast cancer; ERBB2 Breast cancer,carried
ddFEC-ddD,114780,hemonc,1,0,0,0,1,1,Chemotherapy; Supportive therapy,other,other,other,Breast cancer,carried
DDGP,28548,hemonc,1,0,0,0,1,1,Chemotherapy; Glucocorticoid therapy,other,other,cisplatin,NK- and T-cell lymphoma,carried
DECA,17307,hemonc,1,0,0,0,1,1,Chemotherapy; Glucocorticoid therapy,other,other,cisplatin,Classical Hodgkin lymphoma pediatric; Multiple myeloma,carried
Decitabine and cedazuridine monotherapy,14236,hemonc,1,0,0,0,0,1,Chemotherapy,other,other,other,Chronic myelomonocytic leukemia; Myelodysplastic syndrome,carried
Decitabine and Valproate,2148,hemonc,1,0,0,0,0,1,Chemotherapy,other,other,other,Acute myeloid leukemia,carried
Decitabine and Venetoclax,1475,hemonc,1,0,1,0,0,1,Chemotherapy; Targeted therapy,other,other,other,Acute myeloid leukemia,carried
Decitabine monotherapy,1437,hemonc,1,0,0,0,1,1,Chemotherapy; Supportive therapy,other,other,other,Acute myeloid leukemia; Chronic myelomonocytic leukemia; Myelodysplastic syndrome,carried
Degarelix monotherapy,34314,hemonc,0,0,0,1,0,0,Endocrine therapy,other,other,other,Prostate cancer,carried
Denileukin diftitox monotherapy,15496,hemonc,1,0,1,0,1,1,Chemotherapy; Supportive therapy; Targeted therapy,other,other,other,Cutaneous T-cell lymphoma,carried
Denosumab monotherapy,5742,hemonc,0,0,1,0,1,1,Supportive therapy; Targeted therapy,other,other,other,Giant-cell tumor of bone,carried
DEP,21970,hemonc,1,0,0,0,1,1,Chemotherapy; Glucocorticoid therapy,other,other,other,Hemophagocytic lymphohistiocytosis,carried
DES monotherapy,10354,hemonc,0,0,0,1,0,0,Endocrine therapy,other,other,other,Breast cancer; ER Breast cancer; Prostate cancer,carried
DexaBEAM,23168,hemonc,1,0,0,0,1,1,Chemotherapy; Glucocorticoid therapy; Supportive therapy,other,other,other,Classical Hodgkin lymphoma,carried
DexaBEAM and G-CSF,24488,hemonc,1,0,0,0,1,1,Chemotherapy; Glucocorticoid therapy; Growth factor therapy,other,other,other,,carried
Dexamethasone and Eltrombopag,23845,hemonc,0,0,0,0,1,0,Growth factor therapy; Immunosuppressive therapy,other,other,other,Immune thrombocytopenia,carried
Dexamethasone and Prednisone,115828,hemonc,0,0,0,0,1,0,Immunosuppressive therapy,other,other,other,Immune thrombocytopenia,carried
Dexamethasone and Rituximab,23852,hemonc,0,0,0,0,1,0,Immunosuppressive therapy,other,other,other,Immune thrombocytopenia,carried
Dexamethasone monotherapy,10660,hemonc,0,0,0,0,1,0,Glucocorticoid therapy; Immunosuppressive therapy; Supportive therapy,other,other,other,Immune thrombocytopenia; Light-chain (AL) amyloidosis; Multiple myeloma; Non-small cell lung cancer,carried
DFCR,65803,hemonc,1,0,1,0,0,1,Chemotherapy; Targeted therapy,other,other,other,Chronic lymphocytic leukemia,carried
DHAP,3508,hemonc,1,0,0,0,1,1,Chemotherapy; Glucocorticoid therapy; Supportive therapy,other,other,cisplatin,Anaplastic large cell lymphoma; Classical Hodgkin lymphoma; Diffuse large B-cell lymphoma; Peripheral T-cell lymphoma,carried
DHAP - time intensified,23181,hemonc,1,0,0,0,1,1,Chemotherapy; Glucocorticoid therapy; Supportive therapy,other,other,cisplatin,Classical Hodgkin lymphoma,carried
DHAP/VIM,120112,hemonc,1,0,0,0,1,1,Chemotherapy; Glucocorticoid therapy,other,other,cisplatin,Diffuse large B-cell lymphoma,carried
DICE,17260,hemonc,1,0,0,0,1,1,Chemotherapy; Glucocorticoid therapy; Supportive therapy,other,other,cisplatin,Diffuse large B-cell lymphoma,carried
DICEP,17018,hemonc,1,0,0,0,1,1,Chemotherapy; Supportive therapy,other,other,cisplatin,Diffuse large B-cell lymphoma,carried
dmCODOX-M/IVAC - Modified Magrath,21102,hemonc,1,0,0,0,1,1,Chemotherapy; Supportive therapy,other,other,other,HIV-associated lymphoma,carried
Docetaxel and Bevacizumab,5886,hemonc,1,0,1,0,0,1,Chemotherapy; Targeted therapy,other,other,other,Breast cancer; EGFR Non-small cell lung cancer; Non-small cell lung cancer,carried
Docetaxel and Doxorubicin (AT),7157,hemonc,1,0,0,0,0,1,Chemotherapy,other,other,other,Breast cancer,carried
Docetaxel and Epirubicin (DE),5895,hemonc,1,0,0,0,1,1,Chemotherapy; Supportive therapy,other,other,other,Breast cancer,carried
Docetaxel and Estramustine,34702,hemonc,1,0,0,0,0,1,Chemotherapy,other,other,other,Prostate cancer,carried
Docetaxel and Gemcitabine,2579,hemonc,1,0,0,0,1,1,Chemotherapy; Supportive therapy,other,other,other,Breast cancer; Carcinoma of unknown primary; Ewing sarcoma; Leiomyosarcoma; Non-small cell lung cancer; Osteosarcoma; Soft tissue sarcoma,carried
Docetaxel and Irinotecan,18369,hemonc,1,0,0,0,1,1,Chemotherapy; Supportive therapy,other,other,other,Esophageal cancer,carried
Docetaxel and Nedaplatin,30188,hemonc,1,0,0,0,0,1,Chemotherapy,other,other,other,Non-small cell lung cancer squamous,carried
Docetaxel and Nintedanib,47638,hemonc,1,0,1,0,0,1,Chemotherapy; Targeted therapy,other,other,other,Non-small cell lung cancer,carried
Docetaxel and Nivolumab,17644,hemonc,1,1,0,0,0,1,Chemotherapy; Immunotherapy,other,other,other,Non-small cell lung cancer,carried
Docetaxel and Prednisolone,1727,hemonc,1,0,0,0,1,1,Chemotherapy; Endocrine therapy; Supportive therapy,other,other,other,BRCA Prostate cancer; Prostate cancer,carried
Docetaxel and Prednisone,34709,hemonc,1,0,0,0,1,1,Chemotherapy; Endocrine therapy; Supportive therapy,other,other,other,BRCA Prostate cancer; Prostate cancer,carried
Docetaxel and Ramucirumab,5678,hemonc,1,0,1,0,1,1,Chemotherapy; Supportive therapy; Targeted therapy,other,other_recommended,other,Non-small cell lung cancer; Urothelial carcinoma,carried
Docetaxel and S-1,20219,hemonc,1,0,0,0,0,1,Chemotherapy,other,other,other,Gastric cancer,carried
Docetaxel and Trastuzumab (TH),6130,hemonc,1,0,1,0,1,1,Chemotherapy; Supportive therapy; Targeted therapy,other,other,other,Breast cancer; ER|ERBB2 Breast cancer; ERBB2 Breast cancer,carried
Docetaxel and Trastuzumab (TH) and Pyrotinib,110673,hemonc,1,0,1,0,0,1,Chemotherapy; Targeted therapy,other,other,other,Breast cancer; ERBB2 Breast cancer,carried
Docetaxel and Vandetanib,30718,hemonc,1,0,1,0,0,1,Chemotherapy; Targeted therapy,other,other,other,Non-small cell lung cancer,carried
Docetaxel and Vinorelbine,33138,hemonc,1,0,0,0,1,1,Chemotherapy; Supportive therapy,other,other,other,Non-small cell lung cancer,carried
Docetaxel monotherapy,5645,hemonc,1,0,0,0,1,1,Chemotherapy; Supportive therapy,other,other_recommended,other,ALK Non-small cell lung cancer; BRCA Breast cancer; Breast cancer; Cervical cancer; ERBB2 Breast cancer; ERBB2 Gastric cancer; Esophageal adenocarcinoma; Esophageal cancer; Esophageal squamous cell carcinoma; Gastric cancer; Head and neck cancer; KRAS Non-small cell lung cancer; Melanoma; MET Non-small cell lung cancer; Nasopharyngeal carcinoma; Non-small cell lung cancer; Non-small cell lung cancer nonsquamous; Non-small cell lung cancer squamous; Ovarian cancer; Small cell lung cancer; TNBC Breast cancer; Urothelial carcinoma,carried
"Docetaxel, Enzalutamide, Prednisolone",47246,hemonc,1,0,0,1,0,1,Chemotherapy; Endocrine therapy,other,other,other,Prostate cancer,carried
"Docetaxel, Estramustine, Goserelin",34250,hemonc,1,0,0,1,0,1,Chemotherapy; Endocrine therapy,other,other,other,Prostate cancer,carried
DOLP,4339,hemonc,1,0,0,0,1,1,Chemotherapy; Glucocorticoid therapy,other,other,other,B-cell acute lymphoblastic leukemia; B-cell acute lymphoblastic leukemia pediatric; T-cell acute lymphoblastic leukemia pediatric,carried
DOLP (Prednisolone),1748,hemonc,1,0,0,0,1,1,Chemotherapy; Glucocorticoid therapy,other,other,other,B-cell acute lymphoblastic leukemia pediatric,carried
Donafenib monotherapy,51814,hemonc,0,0,1,0,0,1,Targeted therapy,other,other,other,Hepatocellular carcinoma; Thyroid cancer differentiated,carried
DOS,65877,hemonc,1,0,0,0,0,1,Chemotherapy,other,other,other,Gastric cancer,carried
Dose-dense Cyclophosphamide and Doxorubicin (ddAC),5887,hemonc,1,0,0,0,1,1,Chemotherapy; Supportive therapy,other,other,other,Breast cancer,carried
Dose-dense Docetaxel and Doxorubicin (ddAT),135179,hemonc,1,0,0,0,1,1,Chemotherapy; Supportive therapy,other,other,other,Breast cancer; TNBC Breast cancer,carried
Dostarlimab monotherapy,34981,hemonc,0,1,0,0,0,1,Immunotherapy,other,other,other,Endometrial cancer; Mismatch repair deficient malignancy,carried
Doxifluridine and Mitomycin,20432,hemonc,1,0,0,0,0,1,Chemotherapy,other,other,other,Gastric cancer,carried
Doxorubicin and Bevacizumab,8180,hemonc,1,0,1,0,0,1,Chemotherapy; Targeted therapy,other,other,other,Breast cancer,carried
Doxorubicin and Etoposide,75633,hemonc,1,0,0,0,0,1,Chemotherapy,other,other,other,,carried
Doxorubicin and Fluorouracil,38996,hemonc,1,0,0,0,0,1,Chemotherapy,other,other,other,,carried
Doxorubicin and Gemcitabine,35480,hemonc,1,0,0,0,1,1,Chemotherapy; Supportive therapy,other,other,other,Sarcomatoid renal cell carcinoma,carried
Doxorubicin and Ifosfamide,36957,hemonc,1,0,0,0,1,1,Chemotherapy; Supportive therapy,other,other,other,Soft tissue sarcoma,carried
Doxorubicin and Lomustine,23677,hemonc,1,0,0,0,0,1,Chemotherapy,other,other,other,Classical Hodgkin lymphoma,carried
Doxorubicin and Olaratumab,36972,hemonc,1,0,1,0,1,1,Chemotherapy; Supportive therapy; Targeted therapy,other,other,other,Soft tissue sarcoma,carried
Doxorubicin and Paclitaxel (AT),6316,hemonc,1,0,0,0,0,1,Chemotherapy,other,other,other,Breast cancer; ER Breast cancer,carried
Doxorubicin and Sorafenib,76136,hemonc,1,0,1,0,0,1,Chemotherapy; Targeted therapy,other,other,other,Hepatocellular carcinoma,carried
Doxorubicin and Streptozocin,32590,hemonc,1,0,0,0,0,1,Chemotherapy,other,other,other,Pancreatic NET,carried
Doxorubicin and Trabectedin,53003,hemonc,1,0,0,0,0,1,Chemotherapy,other,other,other,Leiomyosarcoma,carried
Doxorubicin and Vinblastine,23492,hemonc,1,0,0,0,0,1,Chemotherapy,other,other,other,Classical Hodgkin lymphoma,carried
Doxorubicin monotherapy,5217,hemonc,1,0,0,0,1,1,Chemotherapy; Supportive therapy,other,other,other,Adrenocortical carcinoma; Breast cancer; Endometrial cancer; Hepatocellular carcinoma; Leiomyosarcoma; Malignant pleural mesothelioma; Osteosarcoma; Prostate cancer; Soft tissue sarcoma; Thyroid cancer,carried
"Doxorubicin, Mercaptopurine, Pegaspargase, Vincristine, Prednisolone",78404,hemonc,1,0,0,0,1,1,Chemotherapy; Glucocorticoid therapy,other,other,other,B-cell acute lymphoblastic leukemia pediatric,carried
"Doxorubicin, Methotrexate, Pegaspargase, Vincristine, Methylprednisolone",35089,hemonc,1,0,0,0,1,1,Chemotherapy; Glucocorticoid therapy; Supportive therapy,other,other,other,B-cell acute lymphoblastic leukemia pediatric; T-cell acute lymphoblastic leukemia pediatric,carried
"Doxorubicin, Methotrexate, Vincristine, Prednisone",4969,hemonc,1,0,0,0,1,1,Chemotherapy; Glucocorticoid therapy,other,other,other,B-cell acute lymphoblastic leukemia pediatric,carried
"Doxorubicin, Pegaspargase, Vincristine, Prednisone",20997,hemonc,1,0,0,0,1,1,Chemotherapy; Glucocorticoid therapy,other,other,other,B-cell acute lymphoblastic leukemia pediatric,carried
Doxycycline monotherapy,24926,hemonc,0,0,0,0,1,0,Antibiotic therapy,other,other,other,MALT lymphoma,carried
Doxycycline-CyBorD,65890,hemonc,1,0,1,0,1,1,Chemotherapy; Glucocorticoid therapy; Targeted therapy,other,other,other,Light-chain (AL) amyloidosis,carried
DRC,38503,hemonc,1,0,1,0,1,1,Chemotherapy; Glucocorticoid therapy; Targeted therapy,other,other,other,Waldenstroem macroglobulinemia,carried
DRC (SC rituximab),120139,hemonc,1,0,1,0,1,1,Chemotherapy; Glucocorticoid therapy; Targeted therapy,other,other,other,Waldenstroem macroglobulinemia,carried
Durvalumab and Tremelimumab,7161,hemonc,0,1,0,0,0,1,Immunotherapy,other,other_recommended,other,Colorectal cancer; Hepatocellular carcinoma; Non-small cell lung cancer; Urothelial carcinoma,carried
Durvalumab monotherapy,5679,hemonc,0,1,0,0,0,1,Immunotherapy,other,pdl1_mono,pdl1_mono,Hepatocellular carcinoma; Non-small cell lung cancer; Urothelial carcinoma,carried
Duvelisib monotherapy,12339,hemonc,0,0,1,0,0,1,Targeted therapy,other,other,other,Chronic lymphocytic leukemia; Follicular lymphoma; Peripheral T-cell lymphoma,carried
E-CMF,14381,hemonc,1,0,0,0,0,1,Chemotherapy,other,other,other,Breast cancer,carried
E-D,63774,hemonc,1,0,0,0,0,1,Chemotherapy,other,other,other,Breast cancer,carried
E-X,135194,hemonc,1,0,0,0,0,1,Chemotherapy,other,other,other,Breast cancer; TNBC Breast cancer,carried
EAR and G-CSF,24605,hemonc,1,0,1,0,1,1,Chemotherapy; Supportive therapy; Targeted therapy,other,other,other,,carried
eBEACOPP (Prednisolone),1755,hemonc,1,0,0,0,1,1,Chemotherapy; Glucocorticoid therapy; Supportive therapy,other,other,other,Classical Hodgkin lymphoma,carried
EBVP,22617,hemonc,1,0,0,0,1,1,Chemotherapy; Glucocorticoid therapy,other,other,other,Classical Hodgkin lymphoma,carried
EC-CMF,29168,hemonc,1,0,0,0,0,1,Chemotherapy,other,other,other,Breast cancer,carried
EC-D,20160,hemonc,1,0,0,0,0,1,Chemotherapy,other,other,other,Breast cancer; TNBC Breast cancer,carried
EC-D and Bevacizumab,58393,hemonc,1,0,1,0,0,1,Chemotherapy; Targeted therapy,other,other,other,Breast cancer; TNBC Breast cancer,carried
EC-H,135195,hemonc,1,0,1,0,0,1,Chemotherapy; Targeted therapy,other,other,other,Breast cancer; ERBB2 Breast cancer,carried
ECD-GC,145447,hemonc,1,0,0,0,0,1,Chemotherapy,other,other,cisplatin,,carried
ECF,11737,hemonc,1,0,0,0,1,1,Chemotherapy; Supportive therapy,other,other,cisplatin,Cholangiocarcinoma; Esophageal adenocarcinoma; Esophageal cancer; Gallbladder cancer; Gastric cancer,carried
ECH,9390,hemonc,1,0,1,0,0,1,Chemotherapy; Targeted therapy,other,other,other,Breast cancer; ERBB2 Breast cancer,carried
Eculizumab monotherapy,3922,hemonc,0,0,0,0,1,0,Immunosuppressive therapy; Supportive therapy,other,other,other,Atypical hemolytic uremic syndrome; Cold agglutinin disease; Paroxysmal nocturnal hemoglobinuria,carried
ECX,17934,hemonc,1,0,0,0,0,1,Chemotherapy,other,other,cisplatin,Esophageal adenocarcinoma; Esophageal cancer; Gastric cancer,carried
EDC,5978,hemonc,1,0,0,0,0,1,Chemotherapy,other,other,other,Breast cancer,carried
Edrecolomab monotherapy,15287,hemonc,0,0,1,0,0,1,Targeted therapy,other,other,other,Colon cancer,carried
Efanesoctocog alfa monotherapy,145491,none,,,,0,,0,,other,other,other,,carried
Eflornithine monotherapy,135221,hemonc,0,0,1,0,0,1,Targeted therapy,other,other,other,Neuroblastoma,carried
EIA,36733,hemonc,1,0,0,0,0,1,Chemotherapy,other,other,other,Soft tissue sarcoma,carried
Elacestrant monotherapy,18395,hemonc,0,0,0,1,0,0,Endocrine therapy,other,other,other,Breast cancer; ER Breast cancer,carried
Elranatamab monotherapy,120162,hemonc,0,1,0,0,0,1,Immunotherapy,other,other,other,Multiple myeloma,carried
Eltrombopag monotherapy,3657,hemonc,0,0,0,0,1,0,Growth factor therapy,other,other,other,Aplastic anemia; Immune thrombocytopenia,carried
EMA/CO,47654,hemonc,1,0,0,0,0,1,Chemotherapy,other,other,other,Gestational trophoblastic neoplasia,carried
Enasidenib monotherapy,1925,hemonc,0,0,1,0,0,1,Targeted therapy,other,other,other,Acute myeloid leukemia; IDH Acute myeloid leukemia,carried
Encorafenib and Cetuximab,7741,hemonc,0,0,1,0,0,1,Targeted therapy,other,other,other,BRAF Colorectal cancer; Colorectal cancer,carried
Enfortumab vedotin and Pembrolizumab,120168,hemonc,0,1,1,0,0,1,Antibody-drug conjugate therapy; Immunotherapy,ev_pembro,ev_pembro,ev_pembro,Urothelial carcinoma,carried
Enfortumab vedotin monotherapy,3566,hemonc,0,0,1,0,0,1,Antibody-drug conjugate therapy,other,other_recommended,ev_pembro,Urothelial carcinoma,carried
Ensartinib monotherapy,63931,hemonc,0,0,1,0,0,1,Targeted therapy,other,other,other,ALK Non-small cell lung cancer; Non-small cell lung cancer,carried
Entrectinib monotherapy,48540,hemonc,0,0,1,0,0,1,Targeted therapy,other,other,other,Malignant solid neoplasm NTRK-mutated; Non-small cell lung cancer; ROS1 Non-small cell lung cancer,carried
Envafolimab monotherapy,112742,hemonc,0,1,0,0,0,1,Immunotherapy,other,other,other,Mismatch repair deficient malignancy,carried
Enzalutamide and Leuprolide,122262,hemonc,0,0,0,1,0,0,Endocrine therapy,other,other,other,Prostate cancer,carried
Enzalutamide and Talazoparib,148551,atc,,,,1,,1,,other,other,other,,carried
Enzalutamide monotherapy,9909,hemonc,0,0,0,1,0,0,Endocrine therapy,other,other,other,BRCA Prostate cancer; Breast cancer; Prostate cancer; TNBC Breast cancer,carried
EOF,17941,hemonc,1,0,0,0,1,1,Chemotherapy; Supportive therapy,other,other,other,Esophageal cancer; Gastric cancer,carried
EOX,17942,hemonc,1,0,0,0,1,1,Chemotherapy; Supportive therapy,other,other,other,Esophageal cancer; Gastric cancer,carried
EP-T,29453,atc,,,,0,,1,,other,other,other,,carried
Epcoritamab monotherapy,117017,hemonc,0,1,0,0,1,1,Immunotherapy; Supportive therapy,other,other,other,Diffuse large B-cell lymphoma; High-grade B-cell lymphoma; Transformed lymphoma,carried
EPIC (carboplatin),135233,hemonc,1,0,0,0,1,1,Chemotherapy; Glucocorticoid therapy; Supportive therapy,other,other,carboplatin,Diffuse large B-cell lymphoma,carried
EPIC (cisplatin),135234,hemonc,1,0,0,0,1,1,Chemotherapy; Glucocorticoid therapy; Supportive therapy,other,other,cisplatin,Diffuse large B-cell lymphoma,carried
Epirubicin and Ifosfamide,36420,hemonc,1,0,0,0,1,1,Chemotherapy; Supportive therapy,other,other,other,Small cell lung cancer; Soft tissue sarcoma,carried
Epirubicin and Paclitaxel (EP),5979,hemonc,1,0,0,0,0,1,Chemotherapy,other,other,other,Breast cancer,carried
Epirubicin and Vinorelbine (VE),75556,hemonc,1,0,0,0,0,1,Chemotherapy,other,other,other,Breast cancer,carried
Epirubicin monotherapy,6327,hemonc,1,0,0,0,0,1,Chemotherapy,other,other,other,Breast cancer; Soft tissue sarcoma,carried
EPOCH,17279,hemonc,1,0,0,0,1,1,Chemotherapy; Glucocorticoid therapy; Supportive therapy,other,other,other,Diffuse large B-cell lymphoma; Hodgkin lymphoma nodular lymphocyte-predominant,carried
Erdafitinib monotherapy,5686,hemonc,0,0,1,0,0,1,Targeted therapy,other,other_recommended,other,Urothelial carcinoma,carried
Eribulin and Margetuximab,35482,hemonc,1,0,1,0,0,1,Chemotherapy; Targeted therapy,other,other,other,Breast cancer; ERBB2 Breast cancer,carried
Eribulin and Trastuzumab,35488,hemonc,1,0,1,0,0,1,Chemotherapy; Targeted therapy,other,other,other,Breast cancer; ERBB2 Breast cancer,carried
Eribulin monotherapy,8190,hemonc,1,0,0,0,0,1,Chemotherapy,other,other,other,BRCA Breast cancer; Breast cancer; ER Breast cancer; Leiomyosarcoma; Liposarcoma; TNBC Breast cancer,carried
Erlotinib and Bevacizumab,2587,hemonc,0,0,1,0,0,1,Targeted therapy,other,other,other,Carcinoma of unknown primary; Cholangiocarcinoma; Clear cell renal cell carcinoma; EGFR Non-small cell lung cancer; Gallbladder cancer; Hepatocellular carcinoma; Non-small cell lung cancer; Renal cell carcinoma,carried
Erlotinib and Gemcitabine,32789,hemonc,1,0,1,0,0,1,Chemotherapy; Targeted therapy,other,other,other,Pancreatic cancer,carried
Erlotinib and Ramucirumab,49968,hemonc,0,0,1,0,0,1,Targeted therapy,other,other,other,EGFR Non-small cell lung cancer; Non-small cell lung cancer,carried
Erlotinib monotherapy,17426,hemonc,0,0,1,0,0,1,Targeted therapy,other,other,other,EGFR Non-small cell lung cancer; Esophageal adenocarcinoma; Esophageal cancer; Malignant solid neoplasm EGFR-mutated; Myelodysplastic syndrome; Non-small cell lung cancer; Papillary renal cell carcinoma,carried
Erythropoetin alfa and Lenalidomide,122281,hemonc,0,0,1,0,1,1,Growth factor therapy; Targeted therapy,other,other,other,Myelodysplastic syndrome,carried
Erythropoetin beta and Lenalidomide,122282,hemonc,0,0,1,0,1,1,Growth factor therapy; Targeted therapy,other,other,other,Myelodysplastic syndrome,carried
Erythropoietin alfa monotherapy,53866,hemonc,0,0,0,0,1,0,Growth factor therapy,other,other,other,Myelodysplastic syndrome,carried
ESHAP,17233,hemonc,1,0,0,0,1,1,Chemotherapy; Glucocorticoid therapy; Supportive therapy,other,other,cisplatin,Classical Hodgkin lymphoma; Diffuse large B-cell lymphoma,carried
Estradiol monotherapy,10379,hemonc,0,0,0,0,0,0,Endocrine therapy,other,other,other,Breast cancer; ER Breast cancer,carried
Etoposide and Methylprednisolone,24060,hemonc,1,0,0,0,1,1,Chemotherapy; Glucocorticoid therapy,other,other,other,Langerhans cell histiocytosis,carried
Etoposide and Mitoxantrone,1630,hemonc,1,0,0,0,0,1,Chemotherapy,other,other,other,Acute myeloid leukemia,carried
Etoposide monotherapy,3367,hemonc,1,0,0,0,0,1,Chemotherapy,other,other,other,Anaplastic glioma; Diffuse large B-cell lymphoma; Esophageal squamous cell carcinoma; Kaposi sarcoma; Ovarian cancer; Small cell lung cancer; Testicular cancer,carried
"Etoposide, Ifosfamide, Methotrexate",17297,hemonc,1,0,0,0,0,1,Chemotherapy,other,other,other,Diffuse large B-cell lymphoma,carried
EVAIA,18673,hemonc,1,0,0,0,0,1,Chemotherapy,other,other,other,Ewing sarcoma,carried
Everolimus and Exemestane,9270,hemonc,0,0,1,1,0,1,Endocrine therapy; Targeted therapy,other,other,other,Breast cancer; ER Breast cancer,carried
Everolimus and Lenvatinib,35823,hemonc,0,0,1,0,0,1,Targeted therapy,other,other,other,Clear cell renal cell carcinoma; Renal cell carcinoma,carried
Everolimus and Octreotide,28767,hemonc,0,0,1,0,0,1,Endocrine therapy; Targeted therapy,other,other,other,Neuroendocrine tumor; Pancreatic NET,carried
Everolimus and Rituximab,16492,hemonc,0,0,1,0,0,1,Targeted therapy,other,other,other,Diffuse large B-cell lymphoma,carried
Everolimus and Tamoxifen,9288,hemonc,0,0,1,1,0,1,Endocrine therapy; Targeted therapy,other,other,other,Breast cancer; ER Breast cancer,carried
Everolimus monotherapy,16485,hemonc,0,0,1,0,1,1,Supportive therapy; Targeted therapy,other,other,other,Classical Hodgkin lymphoma; Clear cell renal cell carcinoma; Diffuse large B-cell lymphoma; Mantle cell lymphoma; Neuroendocrine tumor; Non-clear cell renal cell carcinoma; Pancreatic NET; Renal cell carcinoma; Subependymal giant cell astrocytoma; Thymoma; Waldenstroem macroglobulinemia,carried
EVI,36682,hemonc,1,0,0,0,1,1,Chemotherapy; Supportive therapy,other,other,other,Small cell lung cancer,carried
Exemestane and Palbociclib,60434,hemonc,0,0,1,1,0,1,Endocrine therapy; Targeted therapy,other,other,other,Breast cancer; ER Breast cancer,carried
Exemestane and Trastuzumab,60435,hemonc,0,0,1,1,0,1,Endocrine therapy; Targeted therapy,other,other,other,Breast cancer; ER|ERBB2 Breast cancer,carried
Exemestane and Tucidinostat,79287,hemonc,0,0,1,1,0,1,Endocrine therapy; Targeted therapy,other,other,other,Breast cancer; ER Breast cancer,carried
Exemestane monotherapy,8392,hemonc,0,0,0,1,0,0,Endocrine therapy,other,other,other,Breast cancer; ER Breast cancer,carried
"Exemestane, Lapatinib, Trastuzumab",60436,hemonc,0,0,1,1,0,1,Endocrine therapy; Targeted therapy,other,other,other,Breast cancer; ER|ERBB2 Breast cancer,carried
F-MACHOP,17019,hemonc,1,0,0,0,1,1,Chemotherapy; Glucocorticoid therapy; Supportive therapy,other,other,other,Diffuse large B-cell lymphoma,carried
F-SHAI,1797,hemonc,1,0,0,0,1,1,Chemotherapy; Supportive therapy,other,other,other,Acute myeloid leukemia,carried
FA,76057,hemonc,1,0,0,0,0,1,Chemotherapy,other,other,other,Gastric cancer,carried
FAC,5993,hemonc,1,0,0,0,1,1,Chemotherapy; Supportive therapy,other,other,other,Breast cancer; TNBC Breast cancer,carried
FAC and BCG,10095,hemonc,1,1,0,0,0,1,Chemotherapy; Immunotherapy,other,other,other,Breast cancer,carried
FAC and Bevacizumab,7695,hemonc,1,0,1,0,0,1,Chemotherapy; Targeted therapy,other,other,other,Breast cancer,carried
FAC-MV,64019,hemonc,1,0,0,0,1,1,Chemotherapy; Supportive therapy,other,other,other,Breast cancer,carried
FAC-T,112749,hemonc,1,0,0,0,0,1,Chemotherapy,other,other,other,Breast cancer,carried
FAC-TH (Docetaxel),64020,hemonc,1,0,1,0,0,1,Chemotherapy; Targeted therapy,other,other,other,Breast cancer; ERBB2 Breast cancer,carried
FAC-TH (Paclitaxel),64021,hemonc,1,0,1,0,0,1,Chemotherapy; Targeted therapy,other,other,other,Breast cancer; ERBB2 Breast cancer,carried
FAM,20464,hemonc,1,0,0,0,0,1,Chemotherapy,other,other,other,Gastric cancer,carried
FAMTX,20489,hemonc,1,0,0,0,0,1,Chemotherapy,other,other,other,Gastric cancer,carried
FAS,32610,hemonc,1,0,0,0,0,1,Chemotherapy,other,other,other,Pancreatic NET,carried
FCA,11912,hemonc,1,0,1,0,1,1,Chemotherapy; Supportive therapy; Targeted therapy,other,other,other,Chronic lymphocytic leukemia,carried
FCM,11925,hemonc,1,0,0,0,1,1,Chemotherapy; Supportive therapy,other,other,other,Chronic lymphocytic leukemia; Follicular lymphoma; Mantle cell lymphoma,carried
FCR,2937,hemonc,1,1,1,0,1,1,Chemotherapy; Immunotherapy; Supportive therapy; Targeted therapy,other,other,other,Chronic lymphocytic leukemia; Mantle cell lymphoma; Waldenstroem macroglobulinemia,carried
FEC,5925,hemonc,1,0,0,0,0,1,Chemotherapy,other,other,other,Breast cancer; ERBB2 Breast cancer,carried
FEC and Bevacizumab,7764,hemonc,1,0,1,0,0,1,Chemotherapy; Targeted therapy,other,other,other,Breast cancer,carried
FEC and H,9399,hemonc,1,0,1,0,0,1,Chemotherapy; Targeted therapy,other,other,other,Breast cancer; ERBB2 Breast cancer,carried
FEC-TH (Docetaxel),64056,hemonc,1,0,1,0,0,1,Chemotherapy; Targeted therapy,other,other,other,Breast cancer; ERBB2 Breast cancer,carried
FEC-TH (Paclitaxel),64058,hemonc,1,0,1,0,0,1,Chemotherapy; Targeted therapy,other,other,other,Breast cancer; ERBB2 Breast cancer,carried
Fedratinib monotherapy,48563,hemonc,0,0,1,0,0,1,Targeted therapy,other,other,other,Myelofibrosis,carried
FELV,11750,hemonc,1,0,0,0,0,1,Chemotherapy,other,other,other,Cholangiocarcinoma; Gallbladder cancer,carried
FEMTX,20502,hemonc,1,0,0,0,1,1,Chemotherapy; Supportive therapy,other,other,other,Gastric cancer,carried
FLEC,32803,hemonc,1,0,0,0,0,1,Chemotherapy,other,other,carboplatin,Pancreatic cancer,carried
FLEP,17943,hemonc,1,0,0,0,0,1,Chemotherapy,other,other,cisplatin,Esophageal cancer,carried
FLOT,17950,hemonc,1,0,0,0,1,1,Chemotherapy; Supportive therapy,other,other,other,Esophageal adenocarcinoma; Gastric cancer,carried
FLOX,13828,hemonc,1,0,0,0,0,1,Chemotherapy,other,other,other,Colon cancer,carried
Fludarabine and Alemtuzumab,12020,hemonc,1,0,1,0,1,1,Chemotherapy; Supportive therapy; Targeted therapy,other,other,other,Chronic lymphocytic leukemia,carried
Fludarabine and Ibrutinib,66309,hemonc,1,0,1,0,0,1,Chemotherapy; Targeted therapy,other,other,other,Chronic lymphocytic leukemia,carried
Fludarabine and Prednisone,12512,hemonc,1,0,0,0,1,1,Chemotherapy; Glucocorticoid therapy,other,other,other,Chronic lymphocytic leukemia,carried
Fludarabine and Rituximab (FR),12782,hemonc,1,0,1,0,1,1,Chemotherapy; Supportive therapy; Targeted therapy,other,other,other,Chronic lymphocytic leukemia; Cold agglutinin disease; Follicular lymphoma; MALT lymphoma; Mantle cell lymphoma; Waldenstroem macroglobulinemia,carried
Fludarabine monotherapy,12216,hemonc,1,0,0,0,1,1,Chemotherapy; Supportive therapy,other,other,other,Chronic lymphocytic leukemia; Follicular lymphoma; Mantle cell lymphoma; Marginal zone lymphoma; Waldenstroem macroglobulinemia,carried
Fluorouracil and Bevacizumab,35698,hemonc,1,0,1,0,0,1,Chemotherapy; Targeted therapy,other,other,other,Colorectal cancer,carried
Fluorouracil and Heptaplatin (FH),34754,hemonc,1,0,0,0,0,1,Chemotherapy,other,other,other,Gastric cancer,carried
Fluorouracil and Levamisole,15300,hemonc,1,1,0,0,0,1,Chemotherapy; Immunotherapy,other,other,other,Colon cancer,carried
Fluorouracil and Methotrexate (MF),15369,hemonc,1,0,0,0,0,1,Chemotherapy,other,other,other,Breast cancer; Colorectal cancer,carried
Fluorouracil and Mitomycin,15377,hemonc,1,0,0,0,0,1,Chemotherapy,other,other,other,Colorectal cancer; Gastric cancer,carried
Fluorouracil and Oxaliplatin (FUOX) and Tislelizumab,122390,hemonc,1,1,0,0,0,1,Chemotherapy; Immunotherapy,other,other,other,Esophageal squamous cell carcinoma,carried
Fluorouracil and Paclitaxel,53882,hemonc,1,0,0,0,0,1,Chemotherapy,other,other,other,Esophageal squamous cell carcinoma,carried
Fluorouracil and Semustine,15384,hemonc,1,0,0,0,0,1,Chemotherapy,other,other,other,Colorectal cancer,carried
Fluorouracil and Streptozocin,28786,hemonc,1,0,0,0,0,1,Chemotherapy,other,other,other,Neuroendocrine tumor; Pancreatic NET,carried
Fluorouracil monotherapy,14287,hemonc,1,0,0,0,0,1,Chemotherapy,other,other,other,Breast cancer; Colon cancer; Colorectal cancer; Gastric cancer; Head and neck cancer; Pancreatic cancer; Rectal cancer,carried
"Fluorouracil, Folinic acid, Mitomycin",20281,hemonc,1,0,0,0,0,1,Chemotherapy,other,other,other,Gastric cancer,carried
Fluoxymesterone and Tamoxifen,75726,hemonc,0,0,0,1,0,0,Endocrine therapy,other,other,other,Breast cancer; ER Breast cancer,carried
Fluoxymesterone monotherapy,10386,hemonc,0,0,0,0,0,0,Endocrine therapy,other,other,other,Breast cancer; ER Breast cancer,carried
Flutamide and Goserelin,33851,hemonc,0,0,0,1,0,0,Endocrine therapy,other,other,other,Prostate cancer,carried
Flutamide and Leuprolide,34375,hemonc,0,0,0,1,0,0,Endocrine therapy,other,other,other,Prostate cancer,carried
Flutamide monotherapy,34333,hemonc,0,0,0,1,0,0,Endocrine therapy,other,other,other,Prostate cancer,carried
FM,19386,hemonc,1,0,0,0,1,1,Chemotherapy; Supportive therapy,other,other,other,Follicular lymphoma,carried
FMP,19871,hemonc,1,0,0,0,1,1,Chemotherapy; Glucocorticoid therapy,other,other,other,Follicular lymphoma,carried
FNC,10102,hemonc,1,0,0,0,0,1,Chemotherapy,other,other,other,Breast cancer,carried
FND,19840,hemonc,1,0,0,0,1,1,Chemotherapy; Glucocorticoid therapy,other,other,other,Follicular lymphoma,carried
FOLFIRI,14013,hemonc,1,0,0,0,1,1,Chemotherapy; Supportive therapy,other,other,other,Colorectal cancer; Esophageal adenocarcinoma; Gastric cancer; MSI-H Colorectal cancer; Pancreatic cancer; RAS Colorectal cancer,carried
FOLFIRI (L-Leucovorin),4376,hemonc,1,0,0,0,0,1,Chemotherapy,other,other,other,Colorectal cancer,carried
FOLFIRI and Bevacizumab,14656,hemonc,1,0,1,0,0,1,Chemotherapy; Targeted therapy,other,other,other,Colorectal cancer; MSI-H Colorectal cancer; RAS Colorectal cancer,carried
FOLFIRI and Bevacizumab (L-Leucovorin),4391,hemonc,1,0,1,0,0,1,Chemotherapy; Targeted therapy,other,other,other,Colorectal cancer,carried
FOLFIRI and Cetuximab,15194,hemonc,1,0,1,0,0,1,Chemotherapy; Targeted therapy,other,other,other,BRAF Colorectal cancer; Colorectal cancer; RAS Colorectal cancer,carried
FOLFIRI and Cetuximab (L-Leucovorin),4392,hemonc,1,0,1,0,0,1,Chemotherapy; Targeted therapy,other,other,other,Colorectal cancer; RAS Colorectal cancer,carried
FOLFIRI and Panitumumab,15218,hemonc,1,0,1,0,0,1,Chemotherapy; Targeted therapy,other,other,other,Colorectal cancer; RAS Colorectal cancer,carried
FOLFIRI and Ramucirumab,14991,hemonc,1,0,1,0,0,1,Chemotherapy; Targeted therapy,other,other,other,Colorectal cancer,carried
FOLFIRI and Ziv-aflibercept,14992,hemonc,1,0,1,0,1,1,Chemotherapy; Supportive therapy; Targeted therapy,other,other,other,Colorectal cancer,carried
FOLFIRINOX,14680,hemonc,1,0,0,0,0,1,Chemotherapy,other,other,other,Colorectal cancer; Pancreatic cancer; RAS Colorectal cancer; Rectal cancer,carried
FOLFIRINOX and Bevacizumab,39672,hemonc,1,0,1,0,0,1,Chemotherapy; Targeted therapy,other,other,other,Colorectal cancer,carried
FOLFIRINOX and Bevacizumab (L-Leucovorin),14681,hemonc,1,0,1,0,0,1,Chemotherapy; Targeted therapy,other,other,other,Colorectal cancer,carried
FOLFIRINOX/modified FOLFIRINOX +/- Chemoradiation,32779,hemonc,1,0,0,0,1,1,Chemotherapy; Radiotherapy; Supportive therapy,other,other,other,Pancreatic cancer,carried
FOLFOX,33193,hemonc,1,0,0,0,0,1,Chemotherapy,other,other,other,Pancreatic cancer,carried
FOLFOX chronotherapy,15397,hemonc,1,0,0,0,0,1,Chemotherapy,other,other,other,Colorectal cancer,carried
FOLFOX4,13829,hemonc,1,0,0,0,0,1,Chemotherapy,other,other,other,Colon cancer; Colorectal cancer; Esophageal cancer; Hepatocellular carcinoma; RAS Colorectal cancer,carried
FOLFOX4 (L-Leucovorin),4450,hemonc,1,0,0,0,0,1,Chemotherapy,other,other,other,Colorectal cancer,carried
FOLFOX4 and Bevacizumab,14776,hemonc,1,0,1,0,0,1,Chemotherapy; Targeted therapy,other,other,other,Colorectal cancer,carried
FOLFOX4 and Cetuximab,15195,hemonc,1,0,1,0,0,1,Chemotherapy; Targeted therapy,other,other,other,Colorectal cancer; RAS Colorectal cancer,carried
FOLFOX4 and Panitumumab,15196,hemonc,1,0,1,0,0,1,Chemotherapy; Targeted therapy,other,other,other,Colorectal cancer; RAS Colorectal cancer,carried
FOLFOXIRI and Panitumumab,36744,hemonc,1,0,1,0,0,1,Chemotherapy; Targeted therapy,other,other,other,Colorectal cancer; RAS Colorectal cancer,carried
Formestane monotherapy,10393,hemonc,0,0,0,1,0,0,Endocrine therapy,other,other,other,Breast cancer; ER Breast cancer,carried
Forodesine monotherapy,33468,hemonc,1,0,0,0,0,1,Chemotherapy,other,other,other,Peripheral T-cell lymphoma,carried
Fostamatinib monotherapy,23945,hemonc,0,0,1,0,0,1,Targeted therapy,other,other,other,Immune thrombocytopenia,carried
Fotemustine monotherapy,25589,hemonc,1,0,0,0,0,1,Chemotherapy,other,other,other,CNS melanoma; Melanoma; Uveal melanoma,carried
FRD,27689,hemonc,0,0,1,0,1,1,Glucocorticoid therapy; Targeted therapy,other,other,other,Multiple myeloma,carried
Fruquintinib monotherapy,80322,hemonc,0,0,1,0,0,1,Targeted therapy,other,other,other,Colorectal cancer,carried
FUFOX,75877,hemonc,1,0,0,0,0,1,Chemotherapy,other,other,other,Colorectal cancer,carried
FUIRI,47677,hemonc,1,0,0,0,0,1,Chemotherapy,other,other,other,Colorectal cancer,carried
FULV,11598,hemonc,1,0,0,0,1,1,Chemotherapy; Supportive therapy,other,other,other,Cervical cancer; Cholangiocarcinoma; Colon cancer; Colorectal cancer; Gallbladder cancer; Gastric cancer; Hepatocellular carcinoma; Non-small cell lung cancer; Pancreatic cancer; Rectal cancer,carried
FULV (L-Leucovorin),4375,hemonc,1,0,0,0,1,1,Chemotherapy; Supportive therapy,other,other,other,Colorectal cancer; Gastric cancer,carried
FULV and Bevacizumab,47679,hemonc,1,0,1,0,0,1,Chemotherapy; Targeted therapy,other,other,other,Colorectal cancer,carried
FULV and Bevacizumab (L-Leucovorin),135317,hemonc,1,0,1,0,0,1,Chemotherapy; Targeted therapy,other,other,other,Colorectal cancer; RAS Colorectal cancer,carried
FULV and Gemcitabine,11751,hemonc,1,0,0,0,0,1,Chemotherapy,other,other,other,Cholangiocarcinoma; Esophageal cancer; Gallbladder cancer,carried
FULV and Levamisole,15361,hemonc,1,1,0,0,0,1,Chemotherapy; Immunotherapy,other,other,other,Colon cancer,carried
FULV and nanoliposomal Irinotecan,33180,hemonc,1,0,0,0,0,1,Chemotherapy,other,other,other,Cholangiocarcinoma; Gallbladder cancer; Pancreatic cancer,carried
Fulvestrant and Palbociclib,9371,hemonc,0,0,1,1,0,1,Endocrine therapy; Targeted therapy,other,other,other,Breast cancer; ER Breast cancer,carried
Fulvestrant and Ribociclib,8954,hemonc,0,0,1,1,0,1,Endocrine therapy; Targeted therapy,other,other,other,Breast cancer; ER Breast cancer,carried
Fulvestrant monotherapy,8935,hemonc,0,0,0,1,0,0,Endocrine therapy,other,other,other,Breast cancer; ER Breast cancer; PIK3CA Breast cancer,carried
"Fulvestrant, Inavolisib, Palbociclib",145589,hemonc,0,0,1,1,0,1,Endocrine therapy; Targeted therapy,other,other,other,,carried
FUOX,47680,hemonc,1,0,0,0,0,1,Chemotherapy,other,other,other,Colorectal cancer; Esophageal squamous cell carcinoma,carried
Furmonertinib monotherapy,51353,hemonc,0,0,1,0,0,1,Targeted therapy,other,other,other,EGFR Non-small cell lung cancer; Non-small cell lung cancer,carried
Futibatinib monotherapy,20253,hemonc,0,0,1,0,0,1,Targeted therapy,other,other,other,Cholangiocarcinoma,carried
G-CHOP,19111,hemonc,1,0,1,0,1,1,Chemotherapy; Glucocorticoid therapy; Targeted therapy,other,other,other,Follicular lymphoma,carried
G-CVP,19110,hemonc,1,0,1,0,1,1,Chemotherapy; Glucocorticoid therapy; Targeted therapy,other,other,other,Follicular lymphoma,carried
G-FC,12112,hemonc,1,0,1,0,1,1,Chemotherapy; Supportive therapy; Targeted therapy,other,other,other,Chronic lymphocytic leukemia,carried
GCD,23201,hemonc,1,0,0,0,1,1,Chemotherapy; Glucocorticoid therapy; Supportive therapy,other,other,carboplatin,Classical Hodgkin lymphoma,carried
GCD-R,23208,hemonc,1,0,1,0,1,1,Chemotherapy; Glucocorticoid therapy; Supportive therapy; Targeted therapy,other,other,carboplatin,Classical Hodgkin lymphoma,carried
GCP,2595,hemonc,1,0,1,0,1,1,Chemotherapy; Supportive therapy; Targeted therapy,other,other,carboplatin,Carcinoma of unknown primary; EGFR Non-small cell lung cancer; Non-small cell lung cancer,carried
GDP,3515,hemonc,1,0,0,0,1,1,Chemotherapy; Glucocorticoid therapy,other,other,cisplatin,Anaplastic large cell lymphoma; Diffuse large B-cell lymphoma; Peripheral T-cell lymphoma,carried
GDPT,33365,hemonc,1,0,1,0,1,1,Chemotherapy; Glucocorticoid therapy; Supportive therapy; Targeted therapy,other,other,cisplatin,Peripheral T-cell lymphoma,carried
Gefitinib and Pemetrexed,30974,hemonc,1,0,1,0,0,1,Chemotherapy; Targeted therapy,other,other,other,EGFR Non-small cell lung cancer; Non-small cell lung cancer,carried
Gefitinib monotherapy,30152,hemonc,0,0,1,0,0,1,Targeted therapy,other,other,other,EGFR Non-small cell lung cancer; Non-small cell lung cancer; Non-small cell lung cancer nonsquamous,carried
"Gefitinib, Nedaplatin, Pemetrexed",114927,hemonc,1,0,1,0,0,1,Chemotherapy; Targeted therapy,other,other,other,EGFR Non-small cell lung cancer; Non-small cell lung cancer,carried
Gemcitabine and Bevacizumab,8204,hemonc,1,0,1,0,0,1,Chemotherapy; Targeted therapy,other,other,other,Breast cancer,carried
Gemcitabine and Irinotecan,2602,hemonc,1,0,0,0,0,1,Chemotherapy,other,other,other,Carcinoma of unknown primary,carried
Gemcitabine and Margetuximab,35877,hemonc,1,0,1,0,0,1,Chemotherapy; Targeted therapy,other,other,other,Breast cancer; ERBB2 Breast cancer,carried
Gemcitabine and Mitomycin,11760,hemonc,1,0,0,0,1,1,Chemotherapy; Supportive therapy,other,other,other,Cholangiocarcinoma; Gallbladder cancer,carried
Gemcitabine and nab-Paclitaxel,11761,hemonc,1,0,0,0,0,1,Chemotherapy,other,other,other,Cholangiocarcinoma; Pancreatic cancer,carried
Gemcitabine and Nimotuzumab,136480,hemonc,1,0,1,0,0,1,Chemotherapy; Targeted therapy,other,other,other,,carried
Gemcitabine and Paclitaxel,5559,hemonc,1,0,0,0,1,1,Chemotherapy; Supportive therapy,other,other_recommended,other,Breast cancer; Non-small cell lung cancer; Testicular cancer; TNBC Breast cancer; Urothelial carcinoma,carried
Gemcitabine and Pegylated liposomal doxorubicin,32157,hemonc,1,0,0,0,1,1,Chemotherapy; Supportive therapy,other,other,other,Ovarian cancer,carried
Gemcitabine and Rituximab,23215,hemonc,1,0,1,0,0,1,Chemotherapy; Targeted therapy,other,other,other,Classical Hodgkin lymphoma; Diffuse large B-cell lymphoma,carried
Gemcitabine and S-1,38854,hemonc,1,0,0,0,0,1,Chemotherapy,other,other,other,Cholangiocarcinoma; Gallbladder cancer,carried
Gemcitabine and Sunitinib,35511,hemonc,1,0,1,0,0,1,Chemotherapy; Targeted therapy,other,other,other,Clear cell renal cell carcinoma; Renal cell carcinoma; Sarcomatoid renal cell carcinoma,carried
Gemcitabine and Trastuzumab,48578,hemonc,1,0,1,0,0,1,Chemotherapy; Targeted therapy,other,other,other,Breast cancer; ERBB2 Breast cancer,carried
Gemcitabine and Vinorelbine,26117,hemonc,1,0,0,0,1,1,Chemotherapy; Supportive therapy,other,other,other,Malignant pleural mesothelioma; Non-small cell lung cancer; Soft tissue sarcoma,carried
Gemcitabine monotherapy,5218,hemonc,1,0,0,0,1,1,Chemotherapy; Supportive therapy,other,other_recommended,other,BRCA Breast cancer; Breast cancer; Cervical cancer; Cholangiocarcinoma; Classical Hodgkin lymphoma; Diffuse large B-cell lymphoma; ER Breast cancer; Gallbladder cancer; HRD Ovarian cancer; Malignant pleural mesothelioma; Mantle cell lymphoma; Nasopharyngeal carcinoma; Non-small cell lung cancer; Non-small cell lung cancer nonsquamous; Osteosarcoma; Ovarian cancer; Pancreatic cancer; Peripheral T-cell lymphoma; Small cell lung cancer; TNBC Breast cancer; Urothelial carcinoma,carried
"Gemcitabine, Cisplatin, S-1",11758,hemonc,1,0,0,0,0,1,Chemotherapy,other,other,cisplatin,Cholangiocarcinoma; Gallbladder cancer,carried
"Gemcitabine, Oxaliplatin, Paclitaxel",37471,hemonc,1,0,0,0,1,1,Chemotherapy; Supportive therapy,other,other,other,Testicular cancer,carried
GemOx,11702,hemonc,1,0,0,0,1,1,Chemotherapy; Supportive therapy,other,other,other,Cholangiocarcinoma; Gallbladder cancer; Hepatocellular carcinoma; Pancreatic cancer; Testicular cancer,carried
GemOx and Sorafenib,47111,hemonc,1,0,1,0,0,1,Chemotherapy; Targeted therapy,other,other,other,Hepatocellular carcinoma,carried
GEMOX-B,11787,hemonc,1,0,1,0,0,1,Chemotherapy; Targeted therapy,other,other,other,Cholangiocarcinoma; Gallbladder cancer,carried
Gemtuzumab ozogamicin monotherapy,1477,hemonc,0,0,1,0,0,1,Antibody-drug conjugate therapy,other,other,other,Acute myeloid leukemia,carried
Gilteritinib monotherapy,1903,hemonc,0,0,1,0,0,1,Targeted therapy,other,other,other,Acute myeloid leukemia; FLT3 Acute myeloid leukemia,carried
GIP,31140,hemonc,1,0,0,0,1,1,Chemotherapy; Supportive therapy,other,other,cisplatin,Non-small cell lung cancer; Testicular cancer,carried
Glasdegib and LoDAC,1478,hemonc,1,0,1,0,0,1,Chemotherapy; Targeted therapy,other,other,other,Acute myeloid leukemia,carried
Glofit-GemOx,145622,hemonc,1,1,0,0,1,1,Chemotherapy; Immunotherapy; Supportive therapy,other,other,other,,carried
Glofitamab monotherapy,120221,hemonc,0,1,0,0,1,1,Immunosuppressive therapy; Immunotherapy; Supportive therapy,other,other,other,Diffuse large B-cell lymphoma; Transformed lymphoma,carried
Goserelin and Letrozole,64310,hemonc,0,0,0,1,0,0,Endocrine therapy,other,other,other,Breast cancer; ER Breast cancer,carried
Goserelin and Tamoxifen,6851,hemonc,0,0,0,1,0,0,Endocrine therapy,other,other,other,Breast cancer; ER Breast cancer,carried
Goserelin monotherapy,8435,hemonc,0,0,0,1,0,0,Endocrine therapy,other,other,other,Breast cancer; ER Breast cancer; Prostate cancer,carried
"Goserelin, Letrozole, Ribociclib",64311,hemonc,0,0,1,1,0,1,Endocrine therapy; Targeted therapy,other,other,other,Breast cancer; ER Breast cancer,carried
"Goserelin, Ribociclib, Tamoxifen",9027,hemonc,0,0,1,1,0,1,Endocrine therapy; Targeted therapy,other,other,other,Breast cancer; ER Breast cancer,carried
GTX,33127,hemonc,1,0,0,0,0,1,Chemotherapy,other,other,other,Pancreatic cancer,carried
GVD,16505,hemonc,1,0,0,0,1,1,Chemotherapy; Supportive therapy,other,other,other,Classical Hodgkin lymphoma; Diffuse large B-cell lymphoma,carried
GVP,23228,hemonc,1,0,0,0,1,1,Chemotherapy; Glucocorticoid therapy,other,other,cisplatin,Classical Hodgkin lymphoma,carried
HAA,1286,hemonc,1,0,0,0,0,1,Chemotherapy,other,other,other,Acute myeloid leukemia,carried
HAD,1293,hemonc,1,0,0,0,0,1,Chemotherapy,other,other,other,Acute myeloid leukemia,carried
HAM,1004,hemonc,1,0,0,0,0,1,Chemotherapy,other,other,other,Acute myeloid leukemia; Diffuse large B-cell lymphoma,carried
HAM and Imatinib,4831,hemonc,1,0,1,0,0,1,Chemotherapy; Targeted therapy,other,other,other,B-cell acute lymphoblastic leukemia; BCR::ABL1 B-cell acute lymphoblastic leukemia,carried
HDMP-R,12113,hemonc,0,0,1,0,1,1,Glucocorticoid therapy; Supportive therapy; Targeted therapy,other,other,other,Chronic lymphocytic leukemia,carried
Hexa-CAF,32452,hemonc,1,0,0,0,0,1,Chemotherapy,other,other,other,Ovarian cancer,carried
HiDAC and ATRA,120265,hemonc,1,0,1,0,1,1,Chemotherapy; Supportive therapy; Targeted therapy,other,other,other,Acute myeloid leukemia; NPM1 Acute myeloid leukemia,carried
HiDAC and G-CSF,1561,hemonc,1,0,0,0,1,1,Chemotherapy; Growth factor therapy,other,other,other,Acute myeloid leukemia,carried
HiDAC and Midostaurin,1890,hemonc,1,0,1,0,0,1,Chemotherapy; Targeted therapy,other,other,other,Acute myeloid leukemia; FLT3 Acute myeloid leukemia,carried
HiDAC and Quizartinib,120266,hemonc,1,0,1,0,0,1,Chemotherapy; Targeted therapy,other,other,other,Acute myeloid leukemia; FLT3 Acute myeloid leukemia,carried
High-dose Cytarabine monotherapy (HiDAC),839,hemonc,1,0,0,0,0,1,Chemotherapy,other,other,other,Acute myeloid leukemia; CNS lymphoma; Mantle cell lymphoma,carried
High-dose Interleukin-2,25590,hemonc,0,1,0,0,1,1,Immunotherapy; Supportive therapy,other,other,other,Clear cell renal cell carcinoma; Melanoma; Renal cell carcinoma,carried
HIT-SKK'92 regimen,114402,hemonc,1,0,0,0,0,1,Chemotherapy,other,other,carboplatin,Medulloblastoma,carried
Hydrocortisone monotherapy,34566,hemonc,0,0,0,0,0,0,Endocrine therapy,other,other,other,Prostate cancer,carried
Hydroxyurea and Imatinib,20891,hemonc,1,0,1,0,0,1,Chemotherapy; Targeted therapy,other,other,other,Glioblastoma,carried
Hydroxyurea and Interferon alfa-2a,12984,hemonc,1,1,0,0,0,1,Chemotherapy; Immunotherapy,other,other,other,Chronic myeloid leukemia,carried
Hydroxyurea and Voxelotor,50008,hemonc,1,0,1,0,0,1,Chemotherapy; Targeted therapy,other,other,other,Sickle cell anemia,carried
Hydroxyurea monotherapy,18563,hemonc,1,0,0,0,1,1,Chemotherapy; Supportive therapy,other,other,other,Chronic myeloid leukemia; Chronic myelomonocytic leukemia; Essential thrombocythemia; Glioblastoma; Hypereosinophilic syndrome; Myelofibrosis; Polycythemia vera; Sickle cell anemia,carried
Hyper-CVAD,27696,hemonc,1,0,0,0,1,1,Chemotherapy; Glucocorticoid therapy; Supportive therapy,other,other,other,Multiple myeloma,carried
Hyper-CVAD/MA and Imatinib,4805,hemonc,1,0,1,0,1,1,Chemotherapy; Glucocorticoid therapy; Supportive therapy; Targeted therapy,other,other,other,B-cell acute lymphoblastic leukemia; BCR::ABL1 B-cell acute lymphoblastic leukemia,carried
IAP,2217,hemonc,1,0,0,0,0,1,Chemotherapy,other,other,other,Acute myeloid leukemia,carried
Ibritumomab tiuxetan protocol,15943,hemonc,0,0,1,0,0,1,Radioconjugate therapy; Targeted therapy,other,other,other,Diffuse large B-cell lymphoma; Follicular lymphoma; Mantle cell lymphoma; Marginal zone lymphoma,carried
Ibrutinib and Obinutuzumab,12069,hemonc,0,0,1,0,0,1,Targeted therapy,other,other,other,Chronic lymphocytic leukemia,carried
Ibrutinib and Ofatumumab,12536,hemonc,0,0,1,0,0,1,Targeted therapy,other,other,other,Chronic lymphocytic leukemia,carried
Ibrutinib and Rituximab,12543,hemonc,0,0,1,0,0,1,Targeted therapy,other,other,other,Chronic lymphocytic leukemia; Mantle cell lymphoma; Waldenstroem macroglobulinemia,carried
Ibrutinib and Ublituximab,48254,hemonc,0,0,1,0,0,1,Targeted therapy,other,other,other,Chronic lymphocytic leukemia,carried
Ibrutinib and Venetoclax,24825,hemonc,0,0,1,0,0,1,Targeted therapy,other,other,other,Chronic lymphocytic leukemia; Mantle cell lymphoma; T-cell prolymphocytic leukemia,carried
Ibrutinib monotherapy,12027,hemonc,0,0,1,0,1,1,Immunosuppressive therapy; Targeted therapy,other,other,other,Chronic lymphocytic leukemia; Diffuse large B-cell lymphoma; Follicular lymphoma; Graft versus host disease; Mantle cell lymphoma; Marginal zone lymphoma; Waldenstroem macroglobulinemia,carried
ICE,17310,hemonc,1,0,0,0,1,1,Chemotherapy; Supportive therapy,other,other,carboplatin,Classical Hodgkin lymphoma; Diffuse large B-cell lymphoma; Ewing sarcoma; Osteosarcoma; Small cell lung cancer,carried
ICE and ATRA,58097,hemonc,1,0,1,0,0,1,Chemotherapy; Targeted therapy,other,other,other,Acute myeloid leukemia; NPM1 Acute myeloid leukemia,carried
ICE-V,34235,hemonc,1,0,0,0,1,1,Chemotherapy; Supportive therapy,other,other,carboplatin,Small cell lung cancer,carried
ICL,1335,hemonc,1,0,0,0,0,1,Chemotherapy,other,other,other,Acute myeloid leukemia,carried
Icotinib monotherapy,10738,hemonc,0,0,1,0,0,1,Targeted therapy,other,other,other,EGFR Non-small cell lung cancer; Non-small cell lung cancer,carried
IDAC and Sorafenib,1894,hemonc,1,0,1,0,0,1,Chemotherapy; Targeted therapy,other,other,other,Acute myeloid leukemia; FLT3 Acute myeloid leukemia,carried
"Idarubicin, L-Asparaginase, Vincristine, Prednisone",34241,hemonc,1,0,0,0,1,1,Chemotherapy; Glucocorticoid therapy,other,other,other,B-cell acute lymphoblastic leukemia,carried
"Idarubicin, then Mitoxantrone, then Idarubicin",2424,hemonc,1,0,0,0,0,1,Chemotherapy,other,other,other,Acute promyelocytic leukemia,carried
"Idarubicin, then Mitoxantrone, then Idarubicin, with ATRA",2426,hemonc,1,0,1,0,0,1,Chemotherapy; Targeted therapy,other,other,other,Acute promyelocytic leukemia,carried
iddEnPC,67462,hemonc,1,0,0,0,1,1,Chemotherapy; Supportive therapy,other,other,other,Breast cancer,carried
Idelalisib and Ofatumumab,12399,hemonc,0,0,1,0,0,1,Targeted therapy,other,other,other,Chronic lymphocytic leukemia,carried
Idelalisib and Rituximab,12120,hemonc,0,0,1,0,0,1,Targeted therapy,other,other,other,Chronic lymphocytic leukemia,carried
Idelalisib monotherapy,12555,hemonc,0,0,1,0,0,1,Targeted therapy,other,other,other,Chronic lymphocytic leukemia; Follicular lymphoma; Marginal zone lymphoma; Waldenstroem macroglobulinemia,carried
IDR,34262,hemonc,0,0,1,0,1,1,Glucocorticoid therapy; Targeted therapy,other,other,other,Waldenstroem macroglobulinemia,carried
IE,18744,hemonc,1,0,0,0,1,1,Chemotherapy; Supportive therapy,other,other,other,Ewing sarcoma; Osteosarcoma,carried
IFL,14809,hemonc,1,0,0,0,0,1,Chemotherapy,other,other,other,Colorectal cancer,carried
IFL and Bevacizumab,14834,hemonc,1,0,1,0,0,1,Chemotherapy; Targeted therapy,other,other,other,Colorectal cancer,carried
Ifosfamide and Gemcitabine,31133,hemonc,1,0,0,0,0,1,Chemotherapy,other,other,other,Non-small cell lung cancer,carried
Ifosfamide and Methotrexate,11013,hemonc,1,0,0,0,1,1,Chemotherapy; Supportive therapy,other,other,other,CNS lymphoma,carried
Ifosfamide and Paclitaxel,17627,hemonc,1,0,0,0,1,1,Chemotherapy; Supportive therapy,other,other,other,Endometrial cancer; Small cell lung cancer; Testicular cancer,carried
Ifosfamide and Vinorelbine,23242,hemonc,1,0,0,0,1,1,Chemotherapy; Glucocorticoid therapy; Supportive therapy,other,other,other,Classical Hodgkin lymphoma,carried
Ifosfamide monotherapy,11510,hemonc,1,0,0,0,1,1,Chemotherapy; Supportive therapy,other,other,other,Cervical cancer; Diffuse large B-cell lymphoma; Endometrial cancer; Small cell lung cancer; Soft tissue sarcoma; Thymoma,carried
IGEV and G-CSF,37030,hemonc,1,0,0,0,1,1,Chemotherapy; Glucocorticoid therapy; Supportive therapy,other,other,other,,carried
Imatinib and Interferon alfa,13162,hemonc,0,1,1,0,0,1,Immunotherapy; Targeted therapy,other,other,other,Chronic myeloid leukemia,carried
Imatinib and LoDAC,13161,hemonc,1,0,1,0,0,1,Chemotherapy; Targeted therapy,other,other,other,Chronic myeloid leukemia,carried
Imatinib and Peginterferon alfa-2a,61215,hemonc,0,1,1,0,0,1,Immunotherapy; Targeted therapy,other,other,other,Chronic myeloid leukemia,carried
Imatinib monotherapy,4907,hemonc,0,0,1,0,1,1,Supportive therapy; Targeted therapy,other,other,other,B-cell acute lymphoblastic leukemia; BCR::ABL1 B-cell acute lymphoblastic leukemia; Chronic myeloid leukemia; Chronic myeloid leukemia pediatric; Dermatofibrosarcoma protuberans; Desmoid tumor; Gastrointestinal stromal tumor; Hypereosinophilic syndrome; KIT Melanoma; Melanoma; Systemic mastocytosis,carried
Imatinib-based consolidation,4845,hemonc,1,0,1,0,0,1,Chemotherapy; Targeted therapy,other,other,other,B-cell acute lymphoblastic leukemia pediatric; BCR::ABL1 B-cell acute lymphoblastic leukemia pediatric,carried
"Imatinib, Vincristine, Dexamethasone",4832,hemonc,1,0,1,0,1,1,Chemotherapy; Glucocorticoid therapy; Supportive therapy; Targeted therapy,other,other,other,B-cell acute lymphoblastic leukemia; BCR::ABL1 B-cell acute lymphoblastic leukemia,carried
Imetelstat monotherapy,136486,atc,,,,0,,1,,other,other,other,,carried
Infigratinib monotherapy,63414,hemonc,0,0,1,0,0,1,Targeted therapy,other,other,other,Cholangiocarcinoma,carried
Inotuzumab ozogamicin monotherapy,4733,hemonc,0,0,1,0,0,1,Antibody-drug conjugate therapy,other,other,other,B-cell acute lymphoblastic leukemia; B-cell acute lymphoblastic leukemia pediatric; Follicular lymphoma,carried
Interferon alfa and Dexamethasone,26269,hemonc,0,1,0,0,1,1,Glucocorticoid therapy; Immunotherapy,other,other,other,Multiple myeloma,carried
Interferon alfa monotherapy,13168,hemonc,0,1,0,0,0,1,Immunotherapy,other,other,other,Chronic myeloid leukemia; Follicular lymphoma; Mantle cell lymphoma; Multiple myeloma,carried
Interferon alfa-2a and Interleukin-2,35604,hemonc,0,1,0,0,0,1,Immunotherapy,other,other,other,Renal cell carcinoma,carried
Interferon alfa-2a and Isotretinoin,35890,hemonc,0,1,0,0,0,1,Immunotherapy,other,other,other,Renal cell carcinoma,carried
Interferon alfa-2a monotherapy,19214,hemonc,0,1,0,0,0,1,Immunotherapy,other,other,other,Chronic myeloid leukemia; Clear cell renal cell carcinoma; Follicular lymphoma; Hairy cell leukemia; Kaposi sarcoma; Melanoma; Multiple myeloma; Renal cell carcinoma,carried
Interferon alfa-2b and Prednisone,28097,hemonc,0,1,0,0,1,1,Glucocorticoid therapy; Immunotherapy,other,other,other,Multiple myeloma,carried
Interferon alfa-2b and Thalidomide,28104,hemonc,0,1,1,0,0,1,Immunotherapy; Targeted therapy,other,other,other,Multiple myeloma,carried
Interferon alfa-2b monotherapy,25087,hemonc,0,1,0,0,0,1,Immunotherapy,other,other,other,Chronic myeloid leukemia; Hairy cell leukemia; Kaposi sarcoma; Melanoma; Multiple myeloma; Neuroendocrine tumor; Renal cell carcinoma; Systemic mastocytosis,carried
Interferon alfa-2c monotherapy,35891,hemonc,0,1,0,0,0,1,Immunotherapy,other,other,other,Renal cell carcinoma,carried
Interferon alfa-n1 monotherapy,50182,hemonc,0,1,0,0,0,1,Immunotherapy,other,other,other,Chronic myeloid leukemia,carried
Intraperitoneal 5-FU,14075,hemonc,1,0,0,0,0,1,Chemotherapy,other,other,other,Colorectal cancer,carried
Intravesicular Doxorubicin monotherapy,110990,hemonc,1,0,0,0,0,1,Chemotherapy,other,other_recommended,other,Bladder cancer,carried
Intravesicular Mitomycin monotherapy,110992,hemonc,1,0,0,0,0,1,Chemotherapy,other,other_recommended,other,Bladder cancer,carried
Intravesicular Valrubicin monotherapy,110994,hemonc,1,0,0,0,0,1,Chemotherapy,other,other_recommended,other,Bladder cancer,carried
IP-BCD,31346,hemonc,1,0,0,0,1,1,Chemotherapy; Supportive therapy,other,other,cisplatin,Osteosarcoma,carried
Ipilimumab and Nivolumab,11084,hemonc,0,1,0,0,0,1,Immunotherapy,other,other,other,BRAF Melanoma; Clear cell renal cell carcinoma; CNS melanoma; Colorectal cancer; Esophageal squamous cell carcinoma; Hepatocellular carcinoma; Malignant pleural mesothelioma; Melanoma; MSI-H Colorectal cancer; Non-small cell lung cancer; Non-small cell lung cancer nonsquamous; Non-small cell lung cancer squamous; Small cell lung cancer; Uveal melanoma,carried
Ipilimumab and Sargramostim,76225,hemonc,0,1,0,0,0,1,Immunotherapy,other,other,other,,carried
Ipilimumab monotherapy,25149,hemonc,0,1,0,0,0,1,Immunotherapy,other,other,other,Melanoma; Non-small cell lung cancer; Small cell lung cancer; Uveal melanoma,carried
Iptacopan monotherapy,61271,hemonc,0,0,0,0,1,0,Immunosuppressive therapy,other,other,other,Paroxysmal nocturnal hemoglobinuria,carried
IRd,26544,hemonc,0,0,1,0,1,1,Glucocorticoid therapy; Supportive therapy; Targeted therapy,other,other,other,Multiple myeloma,carried
IRI-S,51125,hemonc,1,0,0,0,0,1,Chemotherapy,other,other,other,Colorectal cancer; Esophageal cancer,carried
Irinotecan and Bevacizumab,3393,hemonc,1,0,1,0,1,1,Chemotherapy; Supportive therapy; Targeted therapy,other,other,other,Anaplastic glioma; Glioblastoma,carried
Irinotecan and Cetuximab,15219,hemonc,1,0,1,0,1,1,Chemotherapy; Supportive therapy; Targeted therapy,other,other,other,BRAF Colorectal cancer; Colorectal cancer; RAS Colorectal cancer,carried
Irinotecan and Mitomycin,18472,hemonc,1,0,0,0,1,1,Chemotherapy; Supportive therapy,other,other,other,Esophageal adenocarcinoma; Gastric cancer,carried
Irinotecan and Temozolomide,18751,hemonc,1,0,0,0,1,1,Chemotherapy; Supportive therapy,other,other,other,Ewing sarcoma,carried
Irinotecan liposomal monotherapy,18471,hemonc,1,0,0,0,0,1,Chemotherapy,other,other,other,Esophageal adenocarcinoma; Gastric cancer; Pancreatic cancer,carried
Irinotecan monotherapy,3374,hemonc,1,0,0,0,1,1,Chemotherapy; Supportive therapy,other,other,other,Anaplastic glioma; Cervical cancer; Colorectal cancer; ERBB2 Gastric cancer; Esophageal adenocarcinoma; Esophageal cancer; Esophageal squamous cell carcinoma; Gallbladder cancer; Gastric cancer; Glioblastoma; RAS Colorectal cancer; Small cell lung cancer,carried
"Irinotecan, Temozolomide, Dinutuximab",28748,hemonc,1,0,1,0,1,1,Chemotherapy; Supportive therapy; Targeted therapy,other,other,other,Neuroblastoma,carried
"Irinotecan, Vemurafenib, Cetuximab",50183,hemonc,1,0,1,0,0,1,Chemotherapy; Targeted therapy,other,other,other,BRAF Colorectal cancer; Colorectal cancer,carried
IRIS and Bevacizumab,14835,hemonc,1,0,1,0,0,1,Chemotherapy; Targeted therapy,other,other,other,Colorectal cancer,carried
IROX,14836,hemonc,1,0,0,0,0,1,Chemotherapy,other,other,other,Colorectal cancer,carried
Isa-Pd,3623,hemonc,0,0,1,0,1,1,Glucocorticoid therapy; Supportive therapy; Targeted therapy,other,other,other,Multiple myeloma,carried
Isa-Rd,143811,hemonc,0,0,1,0,1,1,Glucocorticoid therapy; Targeted therapy,other,other,other,,carried
Isa-RVd,109344,hemonc,0,0,1,0,1,1,Glucocorticoid therapy; Targeted therapy,other,other,other,Multiple myeloma,carried
Isotretinoin and Dinutuximab beta,84292,hemonc,1,0,1,0,0,1,Chemotherapy; Targeted therapy,other,other,other,Neuroblastoma,carried
Isotretinoin monotherapy,28728,hemonc,1,0,0,0,0,1,Chemotherapy,other,other,other,Neuroblastoma,carried
ITd,145933,hemonc,0,0,1,0,1,1,Glucocorticoid therapy; Targeted therapy,other,other,other,,carried
IVE,61853,hemonc,1,0,0,0,1,1,Chemotherapy; Supportive therapy,other,other,other,Small cell lung cancer,carried
Ivosidenib monotherapy,1917,hemonc,0,0,1,0,0,1,Targeted therapy,other,other,other,Acute myeloid leukemia; Cholangiocarcinoma; IDH Acute myeloid leukemia; IDH Myelodysplastic syndrome; Myelodysplastic syndrome,carried
Ixabepilone monotherapy,8205,hemonc,1,0,0,0,0,1,Chemotherapy,other,other,other,Breast cancer,carried
Ixazomib and Dexamethasone,24338,hemonc,0,0,1,0,1,1,Glucocorticoid therapy; Supportive therapy; Targeted therapy,other,other,other,Light-chain (AL) amyloidosis; Multiple myeloma,carried
Ixazomib monotherapy,24336,hemonc,0,0,1,0,0,1,Targeted therapy,other,other,other,Light-chain (AL) amyloidosis; Multiple myeloma,carried
KCD,26523,hemonc,1,0,1,0,1,1,Chemotherapy; Glucocorticoid therapy; Targeted therapy,other,other,other,Multiple myeloma,carried
Ketoconazole and Hydrocortisone,34585,hemonc,0,0,0,0,0,0,Endocrine therapy,other,other,other,Prostate cancer,carried
"Ketoconazole, Hydrocortisone, Dutasteride",34592,hemonc,0,0,0,0,0,0,Endocrine therapy,other,other,other,Prostate cancer,carried
KMP,27008,hemonc,1,0,1,0,1,1,Chemotherapy; Glucocorticoid therapy; Targeted therapy,other,other,other,Multiple myeloma,carried
KPD,27611,hemonc,0,0,1,0,1,1,Glucocorticoid therapy; Supportive therapy; Targeted therapy,other,other,other,Multiple myeloma,carried
KRd,26556,hemonc,0,0,1,0,1,1,Glucocorticoid therapy; Supportive therapy; Targeted therapy,other,other,other,Multiple myeloma,carried
KRD-PACE,59261,hemonc,1,0,1,0,1,1,Chemotherapy; Glucocorticoid therapy; Supportive therapy; Targeted therapy,other,other,cisplatin,Multiple myeloma,carried
KRdc,61894,hemonc,1,0,1,0,1,1,Chemotherapy; Glucocorticoid therapy; Targeted therapy,other,other,other,Multiple myeloma,carried
KTD,26243,hemonc,0,0,1,0,1,1,Glucocorticoid therapy; Targeted therapy,other,other,other,Multiple myeloma,carried
L-Asparaginase and Methotrexate,4365,hemonc,1,0,0,0,1,1,Chemotherapy; Supportive therapy,other,other,other,B-cell acute lymphoblastic leukemia,carried
L-asparaginase monotherapy,37135,hemonc,1,0,0,0,0,1,Chemotherapy,other,other,other,T-cell acute lymphoblastic leukemia pediatric,carried
"L-Asparaginase, Vincristine, Dexamethasone",4976,hemonc,1,0,0,0,1,1,Chemotherapy; Glucocorticoid therapy,other,other,other,B-cell acute lymphoblastic leukemia pediatric,carried
"L-Asparaginase, Vincristine, Prednisolone",5009,hemonc,1,0,0,0,1,1,Chemotherapy; Glucocorticoid therapy,other,other,other,B-cell acute lymphoblastic leukemia pediatric; Extranodal NK- and T-cell lymphoma nasal type,carried
"L-Asparaginase, Vincristine, Prednisone",5017,hemonc,1,0,0,0,1,1,Chemotherapy; Glucocorticoid therapy,other,other,other,B-cell acute lymphoblastic leukemia; B-cell acute lymphoblastic leukemia pediatric,carried
Lanreotide and Interferon alfa-2b,28801,hemonc,0,1,0,0,0,1,Endocrine therapy; Immunotherapy,other,other,other,Neuroendocrine tumor; Pancreatic NET,carried
Lanreotide Depot/Autogel monotherapy,32618,hemonc,0,0,0,0,0,0,Endocrine therapy,other,other,other,Pancreatic NET,carried
Lanreotide LAR monotherapy,68217,hemonc,0,0,0,0,0,0,Endocrine therapy,other,other,other,Neuroendocrine tumor,carried
Lanreotide monotherapy,28813,hemonc,0,0,0,0,0,0,Endocrine therapy,other,other,other,Neuroendocrine tumor,carried
Lapatinib and Letrozole,9204,hemonc,0,0,1,1,0,1,Endocrine therapy; Targeted therapy,other,other,other,Breast cancer; ER|ERBB2 Breast cancer,carried
Lapatinib and Paclitaxel (TL),5786,hemonc,1,0,1,0,0,1,Chemotherapy; Targeted therapy,other,other,other,Breast cancer; ERBB2 Breast cancer,carried
Lapatinib and Trastuzumab,6946,hemonc,0,0,1,0,0,1,Targeted therapy,other,other,other,Breast cancer; Colorectal cancer; ERBB2 Breast cancer; ERBB2 Colorectal cancer,carried
Lapatinib monotherapy,120475,hemonc,0,0,1,0,0,1,Targeted therapy,other,other,other,Breast cancer; ERBB2 Breast cancer,carried
"Lapatinib, Letrozole, Trastuzumab",9205,hemonc,0,0,1,1,0,1,Endocrine therapy; Targeted therapy,other,other,other,Breast cancer; ER|ERBB2 Breast cancer,carried
Larotrectinib monotherapy,28567,hemonc,0,0,1,0,0,1,Targeted therapy,other,other,other,Malignant solid neoplasm NTRK-mutated,carried
Lazertinib and Amivantamab,144660,hemonc,0,0,1,0,0,1,Targeted therapy,other,other,other,,carried
Lazertinib monotherapy,123750,hemonc,0,0,1,0,0,1,Targeted therapy,other,other,other,EGFR Non-small cell lung cancer; Non-small cell lung cancer,carried
LD-ACOP-B,17052,hemonc,1,0,0,0,1,1,Chemotherapy; Glucocorticoid therapy; Supportive therapy,other,other,other,Diffuse large B-cell lymphoma,carried
LdCF,18282,hemonc,1,0,0,0,0,1,Chemotherapy,other,other,cisplatin,Esophageal cancer,carried
Lenalidomide and Dexamethasone (Rd),24196,hemonc,0,0,1,0,1,1,Glucocorticoid therapy; Supportive therapy; Targeted therapy,other,other,other,Light-chain (AL) amyloidosis; Multiple myeloma; Plasma cell leukemia; POEMS syndrome; Smoldering multiple myeloma,carried
Lenalidomide and Ofatumumab,12586,hemonc,0,0,1,0,1,1,Supportive therapy; Targeted therapy,other,other,other,Chronic lymphocytic leukemia,carried
Lenalidomide and Prednisone (RP),26391,hemonc,0,0,1,0,1,1,Glucocorticoid therapy; Supportive therapy; Targeted therapy,other,other,other,Multiple myeloma,carried
Lenalidomide and Rituximab (R2),12127,hemonc,0,0,1,0,1,1,Supportive therapy; Targeted therapy,other,other,other,Chronic lymphocytic leukemia; Diffuse large B-cell lymphoma; Follicular lymphoma; MALT lymphoma; Mantle cell lymphoma; Marginal zone lymphoma; Transformed lymphoma,carried
Lenalidomide and SC Daratumumab,149188,atc,,,,0,,1,,other,other,other,,carried
Lenalidomide and Tafasitamab,14816,hemonc,0,0,1,0,0,1,Targeted therapy,other,other,other,Diffuse large B-cell lymphoma; Transformed lymphoma,carried
Lenalidomide monotherapy,2720,hemonc,0,0,1,0,1,1,Supportive therapy; Targeted therapy,other,other,other,Adult T-cell leukemia-lymphoma; Chronic lymphocytic leukemia; Classical Hodgkin lymphoma; Cutaneous T-cell lymphoma; Diffuse large B-cell lymphoma; Follicular lymphoma; Light-chain (AL) amyloidosis; MALT lymphoma; Mantle cell lymphoma; Multiple myeloma; Myelodysplastic syndrome; Myelofibrosis; Peripheral T-cell lymphoma; Plasma cell leukemia; Polycythemia vera; Smoldering multiple myeloma; Transformed lymphoma; Waldenstroem macroglobulinemia,carried
"Lenalidomide, Dexamethasone, Rituximab",19665,hemonc,0,0,1,0,1,1,Glucocorticoid therapy; Targeted therapy,other,other,other,Follicular lymphoma,carried
Lenvatinib and Pembrolizumab,48278,hemonc,0,1,1,0,0,1,Immunotherapy; Targeted therapy,other,other,other,Cholangiocarcinoma; Clear cell renal cell carcinoma; Endometrial cancer; Renal cell carcinoma,carried
Lenvatinib monotherapy,22216,hemonc,0,0,1,0,0,1,Targeted therapy,other,other,other,Clear cell renal cell carcinoma; Hepatocellular carcinoma; Renal cell carcinoma; Thyroid cancer differentiated,carried
Letrozole and Bevacizumab,9024,hemonc,0,0,1,1,0,1,Endocrine therapy; Targeted therapy,other,other,other,Breast cancer; ER Breast cancer,carried
Letrozole and Palbociclib,9025,hemonc,0,0,1,1,0,1,Endocrine therapy; Targeted therapy,other,other,other,Breast cancer; ER Breast cancer,carried
Letrozole and Ribociclib,9026,hemonc,0,0,1,1,0,1,Endocrine therapy; Targeted therapy,other,other,other,Breast cancer; ER Breast cancer,carried
Letrozole and Trastuzumab,18414,hemonc,0,0,1,1,0,1,Endocrine therapy; Targeted therapy,other,other,other,Breast cancer; ER|ERBB2 Breast cancer,carried
Letrozole monotherapy,8305,hemonc,0,0,0,1,0,0,Endocrine therapy,other,other,other,Breast cancer; ER Breast cancer; ER|ERBB2 Breast cancer; Low-grade serous ovarian cancer,carried
Letrozole-Tamoxifen,117844,hemonc,0,0,0,1,0,0,Endocrine therapy,other,other,other,Breast cancer; ER Breast cancer,carried
Leuprolide monotherapy,8554,hemonc,0,0,0,1,0,0,Endocrine therapy,other,other,other,Breast cancer; ER Breast cancer; Prostate cancer,carried
Levamisole monotherapy,10115,hemonc,0,1,0,0,0,1,Immunotherapy,other,other,other,Breast cancer,carried
Linsitinib monotherapy,60901,hemonc,0,0,1,0,0,1,Targeted therapy,other,other,other,Gastrointestinal stromal tumor,carried
Lobaplatin and Fluorouracil,61916,hemonc,1,0,0,0,0,1,Chemotherapy,other,other,other,Nasopharyngeal carcinoma,carried
LoDAC and Venetoclax,1517,hemonc,1,0,1,0,0,1,Chemotherapy; Targeted therapy,other,other,other,Acute myeloid leukemia,carried
Lomustine and Bevacizumab,47972,hemonc,1,0,1,0,0,1,Chemotherapy; Targeted therapy,other,other,other,Glioblastoma,carried
Lomustine monotherapy,20898,hemonc,1,0,0,0,1,1,Chemotherapy; Supportive therapy,other,other,other,Glioblastoma,carried
"Lomustine, Methotrexate, Procarbazine",10911,hemonc,1,0,0,0,1,1,Chemotherapy; Supportive therapy,other,other,other,CNS lymphoma,carried
"Lomustine, Methotrexate, Procarbazine, Methylprednisolone",10918,hemonc,1,0,0,0,1,1,Chemotherapy; Glucocorticoid therapy; Supportive therapy,other,other,other,CNS lymphoma,carried
Loncastuximab tesirine monotherapy,53914,hemonc,0,0,1,0,1,1,Antibody-drug conjugate therapy; Supportive therapy,other,other,other,Diffuse large B-cell lymphoma; High-grade B-cell lymphoma; Transformed lymphoma,carried
LOPP,23499,hemonc,1,0,0,0,1,1,Chemotherapy; Glucocorticoid therapy,other,other,other,Classical Hodgkin lymphoma,carried
LOPP/EVAP,23506,hemonc,1,0,0,0,1,1,Chemotherapy; Glucocorticoid therapy,other,other,other,Classical Hodgkin lymphoma,carried
Lorlatinib monotherapy,30890,hemonc,0,0,1,0,0,1,Targeted therapy,other,other,other,ALK Non-small cell lung cancer; Non-small cell lung cancer; ROS1 Non-small cell lung cancer,carried
Low-dose Cytarabine monotherapy (LoDAC),1485,hemonc,1,0,0,0,0,1,Chemotherapy,other,other,other,Acute myeloid leukemia; FLT3 Acute myeloid leukemia; IDH Acute myeloid leukemia; Myelodysplastic syndrome,carried
Low-dose Interleukin-2,25620,hemonc,0,1,0,0,0,1,Immunotherapy,other,other,other,Melanoma; Renal cell carcinoma,carried
LSG15,2698,hemonc,1,0,0,0,1,1,Chemotherapy; Glucocorticoid therapy,other,other,carboplatin,Adult T-cell leukemia-lymphoma,carried
Lumrotatug monotherapy,149307,none,,,,0,,0,,other,other,other,,carried
Lurbinectedin monotherapy,26773,hemonc,1,0,0,0,1,1,Chemotherapy; Supportive therapy,other,other,other,Small cell lung cancer,carried
Luspatercept monotherapy,54064,hemonc,0,0,0,0,1,0,Growth factor therapy,other,other,other,Beta thalassemia; Myelodysplastic syndrome,carried
Lusutrombopag monotherapy,37601,hemonc,0,0,0,0,1,0,Growth factor therapy,other,other,other,Thrombocytopenia in liver disease,carried
Lutetium Lu 177 dotatate and Octreotide LAR,28814,hemonc,0,0,1,0,1,1,Endocrine therapy; Radioconjugate therapy; Supportive therapy,other,other,other,Neuroendocrine tumor; Pancreatic NET,carried
m-BACOD,17083,hemonc,1,0,0,0,1,1,Chemotherapy; Glucocorticoid therapy; Supportive therapy,other,other,other,Diffuse large B-cell lymphoma; HIV-associated lymphoma,carried
M-BCD,31369,hemonc,1,0,0,0,1,1,Chemotherapy; Supportive therapy,other,other,other,Osteosarcoma,carried
M-EI,31370,hemonc,1,0,0,0,1,1,Chemotherapy; Supportive therapy,other,other,other,Osteosarcoma,carried
M-TIP,37352,hemonc,1,0,0,0,1,1,Chemotherapy; Supportive therapy,other,other,cisplatin,Testicular cancer,carried
MA,31333,hemonc,1,0,0,0,1,1,Chemotherapy; Supportive therapy,other,other,other,Osteosarcoma,carried
MA-BCD,31335,hemonc,1,0,0,0,1,1,Chemotherapy; Supportive therapy,other,other,other,Osteosarcoma,carried
MAC,21263,hemonc,1,0,0,0,0,1,Chemotherapy,other,other,other,Acute myeloid leukemia,carried
MACC,31147,hemonc,1,0,0,0,0,1,Chemotherapy,other,other,other,Non-small cell lung cancer; Small cell lung cancer,carried
MACE,113768,hemonc,1,0,0,0,0,1,Chemotherapy,other,other,other,Acute myeloid leukemia pediatric,carried
MACOP-B,17059,hemonc,1,0,0,0,1,1,Chemotherapy; Glucocorticoid therapy; Supportive therapy,other,other,other,Diffuse large B-cell lymphoma,carried
MAID,36985,hemonc,1,0,0,0,1,1,Chemotherapy; Supportive therapy,other,other,other,Soft tissue sarcoma,carried
MAP,31342,hemonc,1,0,0,0,1,1,Chemotherapy; Supportive therapy,other,other,cisplatin,Osteosarcoma; Osteosarcoma pediatric,carried
MAPI,31362,hemonc,1,0,0,0,1,1,Chemotherapy; Supportive therapy,other,other,cisplatin,Osteosarcoma,carried
MAPIE,31345,hemonc,1,0,0,0,1,1,Chemotherapy; Supportive therapy,other,other,cisplatin,Osteosarcoma,carried
Mavorixafor monotherapy,144016,hemonc,0,0,0,0,1,0,Growth factor therapy,other,other,other,,carried
maxi-R-CHOP/R-HiDAC,24592,hemonc,1,0,1,0,1,1,Chemotherapy; Glucocorticoid therapy; Supportive therapy; Targeted therapy,other,other,other,Mantle cell lymphoma,carried
MBVP,89585,hemonc,1,0,0,0,1,1,Chemotherapy; Glucocorticoid therapy,other,other,other,CNS lymphoma,carried
MCF,18493,hemonc,1,0,0,0,1,1,Chemotherapy; Supportive therapy,other,other,cisplatin,Esophageal cancer,carried
mCOP/MP,27789,hemonc,1,0,0,0,1,1,Chemotherapy; Glucocorticoid therapy,other,other,other,Multiple myeloma,carried
MCP,19854,hemonc,1,0,0,0,1,1,Chemotherapy; Glucocorticoid therapy,other,other,other,Follicular lymphoma; MALT lymphoma; Mantle cell lymphoma,carried
MCP (Prednisolone),2944,hemonc,1,0,0,0,1,1,Chemotherapy; Glucocorticoid therapy,other,other,other,Follicular lymphoma,carried
MCV,5253,hemonc,1,0,0,0,1,1,Chemotherapy; Supportive therapy,other,cisplatin,cisplatin,Bladder cancer,carried
mDCF,3185,hemonc,1,0,0,0,1,1,Chemotherapy; Supportive therapy,other,other,cisplatin,Anal cancer; Gastric cancer,carried
mDCF and Bevacizumab,18368,hemonc,1,0,1,0,1,1,Chemotherapy; Supportive therapy; Targeted therapy,other,other,cisplatin,Gastric cancer,carried
MEC,1344,hemonc,1,0,0,0,0,1,Chemotherapy,other,other,other,Acute myeloid leukemia; FLT3 Acute myeloid leukemia,carried
Medroxyprogesterone acetate and Tamoxifen,17687,hemonc,0,0,0,1,0,0,Endocrine therapy,other,other,other,Endometrial cancer,carried
Medroxyprogesterone acetate monotherapy,10406,hemonc,0,0,0,1,0,0,Endocrine therapy,other,other,other,Breast cancer; Endometrial cancer; ER Breast cancer; Renal cell carcinoma,carried
Megestrol and Tamoxifen,17700,hemonc,0,0,0,1,0,0,Endocrine therapy,other,other,other,Endometrial cancer,carried
Megestrol monotherapy,10444,hemonc,0,0,0,1,0,0,Endocrine therapy,other,other,other,Breast cancer; Endometrial cancer; ER Breast cancer; Renal cell carcinoma,carried
Melphalan and Dexamethasone,58161,hemonc,1,0,0,0,1,1,Chemotherapy; Glucocorticoid therapy; Supportive therapy,other,other,other,Light-chain (AL) amyloidosis; Multiple myeloma,carried
Melphalan and Prednisone (MP),24261,hemonc,1,0,0,0,1,1,Chemotherapy; Glucocorticoid therapy; Supportive therapy,other,other,other,Light-chain (AL) amyloidosis; Multiple myeloma; Smoldering multiple myeloma,carried
Melphalan flufenamide and Dexamethasone,61307,hemonc,0,0,1,0,1,1,Glucocorticoid therapy; Peptide-drug conjugate therapy,other,other,other,Multiple myeloma,carried
Melphalan isolated hepatic perfusion,124559,hemonc,1,0,0,0,0,1,Chemotherapy,other,other,other,Uveal melanoma,carried
Melphalan monotherapy,4244,hemonc,1,0,0,0,1,1,Chemotherapy; Supportive therapy,other,other,other,Breast cancer; Light-chain (AL) amyloidosis; Multiple myeloma; Ovarian cancer; Plasma cell leukemia,carried
Mepolizumab monotherapy,23780,hemonc,0,0,0,0,1,0,Immunosuppressive therapy,other,other,other,Hypereosinophilic syndrome,carried
Mercaptopurine and Methotrexate,2473,hemonc,1,0,0,0,1,1,Chemotherapy; Supportive therapy,other,other,other,Acute promyelocytic leukemia; B-cell acute lymphoblastic leukemia; B-cell acute lymphoblastic leukemia pediatric; Gestational trophoblastic neoplasia,carried
Mercaptopurine and Vincristine,58219,hemonc,1,0,0,0,0,1,Chemotherapy,other,other,other,B-cell acute lymphoblastic leukemia pediatric,carried
"Mercaptopurine, Methotrexate, Vinblastine, Prednisolone",24097,hemonc,1,0,0,0,1,1,Chemotherapy; Glucocorticoid therapy,other,other,other,Langerhans cell histiocytosis,carried
"Mercaptopurine, Methotrexate, Vincristine",4622,hemonc,1,0,0,0,1,1,Chemotherapy; Supportive therapy,other,other,other,B-cell acute lymphoblastic leukemia; B-cell acute lymphoblastic leukemia pediatric; T-cell acute lymphoblastic leukemia pediatric,carried
Methotrexate and Rituximab,10936,hemonc,1,0,1,0,0,1,Chemotherapy; Targeted therapy,other,other,other,CNS lymphoma,carried
Methotrexate and Vinblastine,68994,hemonc,1,0,0,0,0,1,Chemotherapy,other,other,other,Desmoid tumor,carried
Methotrexate monotherapy,5092,hemonc,1,0,0,0,1,1,Chemotherapy; Supportive therapy,other,other,other,B-cell acute lymphoblastic leukemia pediatric; CNS lymphoma; Cutaneous T-cell lymphoma; Diffuse large B-cell lymphoma; Gestational trophoblastic neoplasia; Head and neck cancer,carried
Methotrexate-Cytarabine,10926,hemonc,1,0,0,0,1,1,Chemotherapy; Supportive therapy,other,other,other,CNS lymphoma,carried
Methotrexate-Cytarabine and Thiotepa,10928,hemonc,1,0,0,0,1,1,Chemotherapy; Supportive therapy,other,other,other,CNS lymphoma,carried
Methylprednisolone monotherapy,37637,hemonc,0,0,0,0,1,0,Glucocorticoid therapy; Immunosuppressive therapy,other,other,other,Acquired thrombotic thrombocytopenic purpura; B-cell acute lymphoblastic leukemia pediatric; T-cell acute lymphoblastic leukemia pediatric,carried
"Metronidazole, Tetracycline, PPI, Bismuth",26857,hemonc,0,0,0,0,1,0,Antibiotic therapy,other,other,other,MALT lymphoma,carried
mFOLFIRINOX (no folinic acid),120530,hemonc,1,0,0,0,1,1,Chemotherapy; Supportive therapy,other,other,other,Pancreatic cancer,carried
mFOLFOX and Sorafenib,47112,hemonc,1,0,1,0,0,1,Chemotherapy; Targeted therapy,other,other,other,Hepatocellular carcinoma,carried
mFOLFOX6,13849,hemonc,1,0,0,0,0,1,Chemotherapy,other,other,other,Cholangiocarcinoma; Colon cancer; Colorectal cancer; Esophageal adenocarcinoma; Gastric cancer; MSI-H Colorectal cancer; Pancreatic cancer; RAS Colon cancer; RAS Colorectal cancer; Rectal cancer,carried
mFOLFOX6 (L-Leucovorin),38736,hemonc,1,0,0,0,0,1,Chemotherapy,other,other,other,Cholangiocarcinoma; Colon cancer; Colorectal cancer; Esophageal adenocarcinoma; Gastric cancer,carried
mFOLFOX6 and Cetuximab,15185,hemonc,1,0,1,0,0,1,Chemotherapy; Targeted therapy,other,other,other,Colon cancer; Colorectal cancer; Esophageal cancer; RAS Colon cancer; RAS Colorectal cancer,carried
mFOLFOX6 and Nivolumab,59255,hemonc,1,1,0,0,0,1,Chemotherapy; Immunotherapy,other,other,other,Esophageal adenocarcinoma; Gastric cancer,carried
mFOLFOX6 and Panitumumab,67651,hemonc,1,0,1,0,0,1,Chemotherapy; Targeted therapy,other,other,other,Colorectal cancer; RAS Colorectal cancer,carried
mFOLFOX6 and Pembrolizumab,67654,hemonc,1,1,0,0,0,1,Chemotherapy; Immunotherapy,other,other,other,Esophageal squamous cell carcinoma,carried
mFOLFOX6-B,14783,hemonc,1,0,1,0,0,1,Chemotherapy; Targeted therapy,other,other,other,Colon cancer; Colorectal cancer; MSI-H Colorectal cancer; RAS Colorectal cancer,carried
mFOLFOX6-B (L-Leucovorin),38738,hemonc,1,0,1,0,0,1,Chemotherapy; Targeted therapy,other,other,other,Colorectal cancer,carried
mFOLFOXIRI and Cetuximab (L-Leucovorin),15211,hemonc,1,0,1,0,0,1,Chemotherapy; Targeted therapy,other,other,other,Colorectal cancer; RAS Colorectal cancer,carried
MIC,30994,hemonc,1,0,0,0,1,1,Chemotherapy; Supportive therapy,other,other,cisplatin,Non-small cell lung cancer,carried
Midostaurin monotherapy,1900,hemonc,0,0,1,0,0,1,Targeted therapy,other,other,other,Acute myeloid leukemia; FLT3 Acute myeloid leukemia; Myelodysplastic syndrome; Systemic mastocytosis,carried
MINE,17231,hemonc,1,0,0,0,1,1,Chemotherapy; Supportive therapy,other,other,other,Classical Hodgkin lymphoma; Diffuse large B-cell lymphoma,carried
Mini-BEAM,23273,hemonc,1,0,0,0,1,1,Chemotherapy; Supportive therapy,other,other,other,Classical Hodgkin lymphoma,carried
miniCHOP-F,135914,hemonc,1,0,0,0,1,1,Chemotherapy; Glucocorticoid therapy,other,other,other,Chronic lymphocytic leukemia,carried
Mirvetuximab soravtansine monotherapy,58327,hemonc,0,0,1,0,0,1,Antibody-drug conjugate therapy,other,other,other,Ovarian cancer,carried
Mitomycin and Vinblastine (MV),36146,hemonc,1,0,0,0,0,1,Chemotherapy,other,other,other,Breast cancer,carried
Mitotane and EDP,2655,hemonc,1,0,0,0,1,1,Chemotherapy; Supportive therapy,other,other,cisplatin,Adrenocortical carcinoma,carried
Mitotane and Streptozocin,2641,hemonc,1,0,0,0,1,1,Chemotherapy; Supportive therapy,other,other,other,Adrenocortical carcinoma,carried
Mitoxantrone and Hydrocortisone,47997,hemonc,1,0,0,0,0,1,Chemotherapy; Endocrine therapy,other,other,other,Prostate cancer,carried
Mitoxantrone and Prednisone,34790,hemonc,1,0,0,0,0,1,Chemotherapy; Endocrine therapy,other,other,other,Prostate cancer,carried
Mitoxantrone and Vinorelbine (MV),36152,hemonc,1,0,0,0,0,1,Chemotherapy,other,other,other,Breast cancer,carried
Mitoxantrone monotherapy,10496,hemonc,1,0,0,0,0,1,Chemotherapy,other,other,other,Breast cancer; Diffuse large B-cell lymphoma,carried
"Mitoxantrone, Asparaginase Erwinia chrysanthemi, Vincristine, Dexamethasone",2978,hemonc,1,0,0,0,1,1,Chemotherapy; Glucocorticoid therapy,other,other,other,B-cell acute lymphoblastic leukemia pediatric; T-cell acute lymphoblastic leukemia pediatric,carried
"Mitoxantrone, Pegaspargase, Vincristine, Dexamethasone",4740,hemonc,1,0,0,0,1,1,Chemotherapy; Glucocorticoid therapy,other,other,other,B-cell acute lymphoblastic leukemia pediatric; T-cell acute lymphoblastic leukemia pediatric,carried
MMM,36167,hemonc,1,0,0,0,0,1,Chemotherapy,other,other,other,Breast cancer,carried
Mobocertinib monotherapy,69110,hemonc,0,0,1,0,0,1,Targeted therapy,other,other,other,EGFR Non-small cell lung cancer; Non-small cell lung cancer,carried
MOF,15368,hemonc,1,0,0,0,0,1,Chemotherapy,other,other,other,Colon cancer,carried
Mogamulizumab monotherapy,15515,hemonc,0,0,1,0,0,1,Targeted therapy,other,other,other,Cutaneous T-cell lymphoma; Peripheral T-cell lymphoma,carried
Momelotinib monotherapy,4136,atc,,,,0,,1,,other,other,other,,carried
MOPP,22860,hemonc,1,0,0,0,1,1,Chemotherapy; Glucocorticoid therapy,other,other,other,Classical Hodgkin lymphoma; Classical Hodgkin lymphoma pediatric,carried
MOPP-ABV,22533,hemonc,1,0,0,0,1,1,Chemotherapy; Glucocorticoid therapy,other,other,other,Classical Hodgkin lymphoma,carried
MOPP/ABVD,23545,hemonc,1,0,0,0,1,1,Chemotherapy; Glucocorticoid therapy,other,other,other,Classical Hodgkin lymphoma,carried
Mosunetuzumab monotherapy,111262,hemonc,0,1,0,0,0,1,Immunotherapy,other,other,other,Follicular lymphoma,carried
Moxetumomab pasudotox monotherapy,21270,hemonc,0,0,1,0,0,1,Targeted therapy,other,other,other,Hairy cell leukemia,carried
MP (Prednisolone),2989,hemonc,1,0,0,0,1,1,Chemotherapy; Glucocorticoid therapy; Supportive therapy,other,other,other,Multiple myeloma,carried
MPR,26388,hemonc,1,0,1,0,1,1,Chemotherapy; Glucocorticoid therapy; Supportive therapy; Targeted therapy,other,other,other,Multiple myeloma,carried
MPT,26649,hemonc,1,0,1,0,1,1,Chemotherapy; Glucocorticoid therapy; Supportive therapy; Targeted therapy,other,other,other,Multiple myeloma,carried
MPV,10943,hemonc,1,0,0,0,1,1,Chemotherapy; Supportive therapy,other,other,other,CNS lymphoma,carried
MRD,24268,hemonc,1,0,1,0,1,1,Chemotherapy; Glucocorticoid therapy; Supportive therapy; Targeted therapy,other,other,other,Light-chain (AL) amyloidosis,carried
MT-R,10962,hemonc,1,0,1,0,1,1,Chemotherapy; Supportive therapy; Targeted therapy,other,other,other,CNS lymphoma,carried
MVAC,5315,hemonc,1,0,0,0,1,1,Chemotherapy; Supportive therapy,cisplatin,cisplatin,cisplatin,Bladder cancer; Urothelial carcinoma,carried
"MVAC, dose-dense",5330,hemonc,1,0,0,0,1,1,Chemotherapy; Supportive therapy,cisplatin,cisplatin,cisplatin,Bladder cancer; Urothelial carcinoma,carried
MVBP,10975,hemonc,1,0,0,0,1,1,Chemotherapy; Glucocorticoid therapy; Supportive therapy,other,other,other,CNS lymphoma,carried
MVEC,58378,hemonc,1,0,0,0,0,1,Chemotherapy,other,cisplatin,cisplatin,Bladder cancer,carried
MVP (Vinblastine),31166,hemonc,1,0,0,0,0,1,Chemotherapy,other,other,cisplatin,Non-small cell lung cancer,carried
MVP (Vindesine),31185,hemonc,1,0,0,0,0,1,Chemotherapy,other,other,cisplatin,Non-small cell lung cancer,carried
MVPP,23558,hemonc,1,0,0,0,1,1,Chemotherapy; Glucocorticoid therapy,other,other,other,Classical Hodgkin lymphoma,carried
Mycophenolate mofetil monotherapy,23953,hemonc,0,0,0,0,1,0,Immunosuppressive therapy,other,other,other,Immune thrombocytopenia,carried
N-AVD,146200,hemonc,1,1,0,0,0,1,Chemotherapy; Immunotherapy,other,other,other,,carried
N5/N6,36317,hemonc,1,0,0,0,0,1,Chemotherapy,other,other,cisplatin,Neuroblastoma,carried
nab-Paclitaxel and Atezolizumab,9908,hemonc,1,1,0,0,0,1,Chemotherapy; Immunotherapy,other,other,other,Breast cancer; TNBC Breast cancer,carried
nab-Paclitaxel and Pembrolizumab,60940,hemonc,1,1,0,0,0,1,Chemotherapy; Immunotherapy,other,other,other,Breast cancer; TNBC Breast cancer,carried
nab-Paclitaxel and Toripalimab,135942,hemonc,1,1,0,0,0,1,Chemotherapy; Immunotherapy,other,other,other,Breast cancer; TNBC Breast cancer,carried
nab-Paclitaxel and Trastuzumab,48830,hemonc,1,0,1,0,0,1,Chemotherapy; Targeted therapy,other,other,other,Breast cancer; ERBB2 Breast cancer,carried
nab-Paclitaxel monotherapy,9900,hemonc,1,0,0,0,1,1,Chemotherapy; Supportive therapy,other,other_recommended,other,Breast cancer; Gastric cancer; Melanoma; Non-small cell lung cancer; Ovarian cancer; Pancreatic cancer; TNBC Breast cancer; Urothelial carcinoma,carried
nab-Sirolimus monotherapy,36351,hemonc,0,0,1,0,0,1,Targeted therapy,other,other,other,PEComa,carried
nab-TPC,144061,hemonc,1,0,0,0,0,1,Chemotherapy,other,other,cisplatin,,carried
Nadofaragene firadenovec monotherapy,111274,hemonc,0,1,0,0,0,1,Immunotherapy,other,other_recommended,other,Bladder cancer,carried
NALIRIFOX,124704,hemonc,1,0,0,0,0,1,Chemotherapy,other,other,other,Pancreatic cancer,carried
Nelarabine monotherapy,37148,hemonc,1,0,0,0,0,1,Chemotherapy,other,other,other,T-cell acute lymphoblastic leukemia; T-cell acute lymphoblastic leukemia pediatric,carried
"Neratinib and Paclitaxel, then AC",72741,hemonc,1,0,1,0,1,1,Chemotherapy; Supportive therapy; Targeted therapy,other,other,other,Breast cancer; ERBB2 Breast cancer,carried
Neratinib monotherapy,9469,hemonc,0,0,1,0,1,1,Supportive therapy; Targeted therapy,other,other,other,Breast cancer; ERBB2 Breast cancer; Malignant solid neoplasm ERBB2-mutated; Malignant solid neoplasm ERBB3-mutated,carried
Nilotinib monotherapy,4852,hemonc,0,0,1,0,0,1,Targeted therapy,other,other,other,B-cell acute lymphoblastic leukemia; BCR::ABL1 B-cell acute lymphoblastic leukemia; Chronic myeloid leukemia; Chronic myeloid leukemia pediatric; Hypereosinophilic syndrome; Systemic mastocytosis,carried
Nintedanib and Pemetrexed,48016,hemonc,1,0,1,0,0,1,Chemotherapy; Targeted therapy,other,other,other,Non-small cell lung cancer nonsquamous,carried
Niraparib monotherapy,32012,hemonc,0,0,1,0,0,1,Targeted therapy,other,other,other,Ovarian cancer,carried
Nirogacestat monotherapy,30827,hemonc,0,0,1,0,0,1,Targeted therapy,other,other,other,Desmoid tumor,carried
Nivolumab and hyaluronidase monotherapy,149599,none,,,,0,,0,,other,other,other,,carried
Nivolumab and Relatlimab,58899,hemonc,0,1,0,0,0,1,Immunotherapy,other,other,other,Melanoma,carried
Nivolumab monotherapy,3192,hemonc,0,1,0,0,0,1,Immunotherapy,other,pdl1_mono,pdl1_mono,Anal cancer; Carcinoma of unknown primary; Cholangiocarcinoma; Classical Hodgkin lymphoma; Clear cell renal cell carcinoma; Colorectal cancer; Esophageal adenocarcinoma; Esophageal cancer; Esophageal squamous cell carcinoma; Gastric cancer; Head and neck cancer; Hepatocellular carcinoma; Malignant pleural mesothelioma; Melanoma; MSI-H Colorectal cancer; Non-small cell lung cancer; Non-small cell lung cancer nonsquamous; Non-small cell lung cancer squamous; Renal cell carcinoma; Small cell lung cancer; Urothelial carcinoma,carried
Non-pegylated liposomal doxorubicin and Bevacizumab,8182,hemonc,1,0,1,0,0,1,Chemotherapy; Targeted therapy,other,other,other,Breast cancer,carried
Non-pegylated liposomal doxorubicin monotherapy,8181,hemonc,1,0,0,0,0,1,Chemotherapy,other,other,other,Breast cancer,carried
nP-EC,120601,hemonc,1,0,0,0,0,1,Chemotherapy,other,other,other,Breast cancer,carried
nPC-ddEC,149622,atc,,,,0,,1,,other,other,other,,carried
nPC-ddEC and Camrelizumab,149623,atc,,,,0,,1,,other,other,other,,carried
O-CHOP,19350,hemonc,1,0,1,0,1,1,Chemotherapy; Glucocorticoid therapy; Supportive therapy; Targeted therapy,other,other,other,Follicular lymphoma,carried
O-DHAP,16283,hemonc,1,0,1,0,1,1,Chemotherapy; Glucocorticoid therapy; Supportive therapy; Targeted therapy,other,other,cisplatin,Diffuse large B-cell lymphoma,carried
O-FC,12140,hemonc,1,0,1,0,1,1,Chemotherapy; Supportive therapy; Targeted therapy,other,other,other,Chronic lymphocytic leukemia,carried
O-miniCHOP,16121,hemonc,1,0,1,0,1,1,Chemotherapy; Glucocorticoid therapy; Supportive therapy; Targeted therapy,other,other,other,Diffuse large B-cell lymphoma,carried
Obinutuzumab monotherapy,12076,hemonc,0,0,1,0,1,1,Supportive therapy; Targeted therapy,other,other,other,Chronic lymphocytic leukemia; Diffuse large B-cell lymphoma; Follicular lymphoma; Mantle cell lymphoma,carried
Octreotide and Interferon alfa,28850,hemonc,0,1,0,0,0,1,Endocrine therapy; Immunotherapy,other,other,other,Neuroendocrine tumor; Pancreatic NET,carried
Octreotide LAR monotherapy,28842,hemonc,0,0,0,0,0,0,Endocrine therapy,other,other,other,Neuroendocrine tumor; Pancreatic NET,carried
Octreotide monotherapy,28822,hemonc,0,0,0,0,0,0,Endocrine therapy,other,other,other,Neuroendocrine tumor; Pancreatic NET; Thymoma,carried
OEPA,22992,hemonc,1,0,0,0,1,1,Chemotherapy; Glucocorticoid therapy,other,other,other,Classical Hodgkin lymphoma pediatric,carried
OFAR,12620,hemonc,1,0,1,0,1,1,Chemotherapy; Supportive therapy; Targeted therapy,other,other,other,Chronic lymphocytic leukemia; Transformed lymphoma,carried
Ofatumumab monotherapy,12152,hemonc,0,0,1,0,1,1,Supportive therapy; Targeted therapy,other,other,other,Chronic lymphocytic leukemia; Diffuse large B-cell lymphoma; Follicular lymphoma; Waldenstroem macroglobulinemia,carried
Olaparib and Bevacizumab,13258,hemonc,0,0,1,0,0,1,Targeted therapy,other,other,other,HRD Ovarian cancer; Ovarian cancer,carried
Olaparib monotherapy,8256,hemonc,0,0,1,0,0,1,Targeted therapy,other,other,other,BRCA Breast cancer; BRCA Pancreatic cancer; BRCA Prostate cancer; Breast cancer; HRD Ovarian cancer; Ovarian cancer; Pancreatic cancer; Prostate cancer,carried
OLF,20288,hemonc,1,0,0,0,1,1,Chemotherapy; Supportive therapy,other,other,other,Gastric cancer; Pancreatic cancer,carried
Olutasidenib monotherapy,111360,hemonc,0,0,1,0,0,1,Targeted therapy,other,other,other,Acute myeloid leukemia; IDH Acute myeloid leukemia,carried
Olverembatinib monotherapy,146294,hemonc,0,0,1,0,0,1,Targeted therapy,other,other,other,,carried
Omacetaxine monotherapy,13359,hemonc,1,0,0,0,1,1,Chemotherapy; Supportive therapy,other,other,other,Chronic myeloid leukemia,carried
OPPA,23000,hemonc,1,0,0,0,1,1,Chemotherapy; Glucocorticoid therapy,other,other,other,Classical Hodgkin lymphoma pediatric,carried
Osimertinib monotherapy,10746,hemonc,0,0,1,0,0,1,Targeted therapy,other,other,other,EGFR Non-small cell lung cancer; Non-small cell lung cancer,carried
Ox-P,25006,hemonc,1,0,0,0,1,1,Chemotherapy; Glucocorticoid therapy,other,other,other,Marginal zone lymphoma,carried
OXAFAFU,14855,hemonc,1,0,0,0,0,1,Chemotherapy,other,other,other,Colorectal cancer,carried
Oxaliplatin and Bevacizumab,37490,hemonc,1,0,1,0,0,1,Chemotherapy; Targeted therapy,other,other,other,Testicular cancer,carried
Oxaliplatin and Paclitaxel,124940,hemonc,1,0,0,0,0,1,Chemotherapy,other,other,other,Esophageal squamous cell carcinoma,carried
Oxaliplatin monotherapy,16568,hemonc,1,0,0,0,0,1,Chemotherapy,other,other,other,Diffuse large B-cell lymphoma,carried
"Oxaliplatin, Paclitaxel, Tislelizumab",124943,hemonc,1,1,0,0,0,1,Chemotherapy; Immunotherapy,other,other,other,Esophageal squamous cell carcinoma,carried
P/DOCE,17109,hemonc,1,0,0,0,1,1,Chemotherapy; Glucocorticoid therapy,other,other,other,Diffuse large B-cell lymphoma,carried
PAC-P,120640,hemonc,1,0,0,0,1,1,Chemotherapy; Glucocorticoid therapy; Supportive therapy,other,other,cisplatin,Thymoma,carried
PACEBOM,17116,hemonc,1,0,0,0,1,1,Chemotherapy; Glucocorticoid therapy,other,other,other,Diffuse large B-cell lymphoma,carried
Paclitaxel and Bevacizumab,7894,hemonc,1,0,1,0,0,1,Chemotherapy; Targeted therapy,other,other,other,Breast cancer; Non-small cell lung cancer nonsquamous; Ovarian cancer,carried
Paclitaxel and Fruquitinib,144168,hemonc,1,0,1,0,0,1,Chemotherapy; Targeted therapy,other,other,other,,carried
Paclitaxel and Pazopanib,32266,hemonc,1,0,1,0,0,1,Chemotherapy; Targeted therapy,other,other,other,Ovarian cancer,carried
Paclitaxel and Pembrolizumab,61056,hemonc,1,1,0,0,0,1,Chemotherapy; Immunotherapy,other,other,other,Breast cancer; TNBC Breast cancer,carried
Paclitaxel and Ramucirumab,18506,hemonc,1,0,1,0,0,1,Chemotherapy; Targeted therapy,other,other,other,ERBB2 Gastric cancer; Esophageal adenocarcinoma; Gastric cancer,carried
Paclitaxel and S-1,20289,hemonc,1,0,0,0,1,1,Chemotherapy; Supportive therapy,other,other,other,Gastric cancer,carried
Paclitaxel and Topotecan,11553,hemonc,1,0,0,0,0,1,Chemotherapy,other,other,other,Cervical cancer,carried
Paclitaxel and Trastuzumab (TH),5783,hemonc,1,0,1,0,0,1,Chemotherapy; Targeted therapy,other,other,other,Breast cancer; ER|ERBB2 Breast cancer; ERBB2 Breast cancer,carried
Paclitaxel and Vinorelbine,48914,hemonc,1,0,0,0,0,1,Chemotherapy,other,other,other,Breast cancer,carried
Paclitaxel monotherapy,5706,hemonc,1,0,0,0,1,1,Chemotherapy; Supportive therapy,other,other_recommended,other,Angiosarcoma; BRAF Melanoma; Breast cancer; Cervical cancer; Endometrial cancer; ERBB2 Breast cancer; ERBB2 Gastric cancer; Esophageal adenocarcinoma; Esophageal cancer; Esophageal squamous cell carcinoma; Gastric cancer; Head and neck cancer; HRD Ovarian cancer; Kaposi sarcoma; Low-grade serous ovarian cancer; Melanoma; Non-small cell lung cancer; Ovarian cancer; Penile cancer; PIK3CA Breast cancer; Small cell lung cancer; TNBC Breast cancer; Urothelial carcinoma; Vulvar cancer,carried
"Paclitaxel, nanoparticle albumin-bound and Bevacizumab",7907,hemonc,1,0,1,0,0,1,Chemotherapy; Targeted therapy,other,other,other,Breast cancer,carried
"Paclitaxel, Pertuzumab, Trastuzumab emtansine",48915,hemonc,1,0,1,0,0,1,Antibody-drug conjugate therapy; Chemotherapy; Targeted therapy,other,other,other,Breast cancer; ERBB2 Breast cancer,carried
"Paclitaxel, Topotecan, Bevacizumab",11554,hemonc,1,0,1,0,0,1,Chemotherapy; Targeted therapy,other,other,other,Cervical cancer,carried
Pacritinib monotherapy,92607,hemonc,0,0,1,0,0,1,Targeted therapy,other,other,other,Myelofibrosis,carried
PAD,26268,hemonc,1,0,1,0,1,1,Chemotherapy; Glucocorticoid therapy; Supportive therapy; Targeted therapy,other,other,other,Multiple myeloma,carried
PAD (Pegylated liposomal doxorubicin substituted),72205,hemonc,1,0,1,0,1,1,Chemotherapy; Glucocorticoid therapy; Supportive therapy; Targeted therapy,other,other,other,Multiple myeloma,carried
PAD/VCD,33526,hemonc,1,0,1,0,1,1,Chemotherapy; Glucocorticoid therapy; Targeted therapy,other,other,other,Plasma cell leukemia,carried
PAF,10188,hemonc,1,0,0,0,0,1,Chemotherapy,other,other,other,Breast cancer,carried
Palbociclib and Tamoxifen,61059,hemonc,0,0,1,1,0,1,Endocrine therapy; Targeted therapy,other,other,other,,carried
Panitumumab monotherapy,15275,hemonc,0,0,1,0,0,1,Targeted therapy,other,other,other,Colorectal cancer; Penile cancer; RAS Colorectal cancer,carried
Panobinostat and Rituximab,16587,hemonc,0,0,1,0,0,1,Targeted therapy,other,other,other,Diffuse large B-cell lymphoma,carried
Panobinostat monotherapy,1967,hemonc,0,0,1,0,0,1,Targeted therapy,other,other,other,Acute myeloid leukemia; Classical Hodgkin lymphoma; Diffuse large B-cell lymphoma; Waldenstroem macroglobulinemia,carried
Pazopanib monotherapy,20622,hemonc,0,0,1,0,0,1,Targeted therapy,other,other,other,Angiosarcoma; Clear cell renal cell carcinoma; Desmoid tumor; Gastrointestinal stromal tumor; Ovarian cancer; Renal cell carcinoma; Soft tissue sarcoma; Thyroid cancer differentiated,carried
PCD,27430,hemonc,1,0,1,0,1,1,Chemotherapy; Glucocorticoid therapy; Supportive therapy; Targeted therapy,other,other,other,Multiple myeloma,carried
PCDE,36695,hemonc,1,0,0,0,0,1,Chemotherapy,other,other,cisplatin,Small cell lung cancer,carried
PCE,2610,hemonc,1,0,0,0,1,1,Chemotherapy; Supportive therapy,other,other,carboplatin,Carcinoma of unknown primary; Small cell lung cancer,carried
PCF,17951,hemonc,1,0,0,0,1,1,Chemotherapy; Supportive therapy,other,other,cisplatin,Carcinoma of unknown primary; Esophageal cancer; Head and neck cancer; Penile cancer,carried
PCO,12148,hemonc,1,0,1,0,1,1,Chemotherapy; Supportive therapy; Targeted therapy,other,other,other,Chronic lymphocytic leukemia,carried
PCP,27728,hemonc,1,0,1,0,1,1,Chemotherapy; Glucocorticoid therapy; Supportive therapy; Targeted therapy,other,other,other,Multiple myeloma,carried
PCR,12169,hemonc,1,0,1,0,1,1,Chemotherapy; Supportive therapy; Targeted therapy,other,other,other,Chronic lymphocytic leukemia; Follicular lymphoma; Marginal zone lymphoma; Waldenstroem macroglobulinemia,carried
PCV,3263,hemonc,1,0,0,0,1,1,Chemotherapy; Supportive therapy,other,other,other,Anaplastic glioma; Glioblastoma; Low-grade glioma,carried
PEFG,33129,hemonc,1,0,0,0,0,1,Chemotherapy,other,other,cisplatin,Pancreatic cancer,carried
"Pegaspargase, Vincristine, Dexamethasone",61846,hemonc,1,0,0,0,1,1,Chemotherapy; Glucocorticoid therapy,other,other,other,B-cell acute lymphoblastic leukemia pediatric,carried
Peginterferon alfa-2a monotherapy,18570,hemonc,0,1,0,0,1,1,Immunotherapy; Supportive therapy,other,other,other,Essential thrombocythemia; Hypereosinophilic syndrome; Polycythemia vera,carried
Peginterferon alfa-2b monotherapy,25283,hemonc,0,1,0,0,0,1,Immunotherapy,other,other,other,Melanoma,carried
Pegylated liposomal doxorubicin and Bevacizumab,8189,hemonc,1,0,1,0,0,1,Chemotherapy; Targeted therapy,other,other,other,Breast cancer; Ovarian cancer,carried
Pegylated liposomal doxorubicin and Trabectedin,32164,hemonc,1,0,0,0,0,1,Chemotherapy,other,other,other,Ovarian cancer,carried
Pegylated liposomal doxorubicin monotherapy,7514,hemonc,1,0,0,0,1,1,Chemotherapy; Supportive therapy,other,other,other,Breast cancer; Desmoid tumor; HRD Ovarian cancer; Kaposi sarcoma; Low-grade serous ovarian cancer; Ovarian cancer,carried
Pembrolizumab monotherapy,3199,hemonc,0,1,0,0,0,1,Immunotherapy,pdl1_mono,pdl1_mono,pdl1_mono,Anal cancer; Bladder cancer; Breast cancer; Cervical cancer; Cholangiocarcinoma; Classical Hodgkin lymphoma; Clear cell renal cell carcinoma; Colorectal cancer; Cutaneous squamous cell carcinoma; Endometrial cancer; Esophageal squamous cell carcinoma; Gastric cancer; Head and neck cancer; Hepatocellular carcinoma; High tumor mutation burden malignancy; Melanoma; Merkel cell carcinoma; Mismatch repair deficient malignancy; MSI-H Colorectal cancer; NK- and T-cell lymphoma; Non-clear cell renal cell carcinoma; Non-small cell lung cancer; Primary mediastinal B-cell lymphoma; Small bowel adenocarcinoma; Small cell lung cancer; TNBC Breast cancer; Transformed lymphoma; Urothelial carcinoma; Uveal melanoma,carried
Pemetrexed and Bevacizumab,30051,hemonc,1,0,1,0,1,1,Chemotherapy; Supportive therapy; Targeted therapy,other,other,other,Non-small cell lung cancer; Non-small cell lung cancer nonsquamous,carried
Pemetrexed and Pembrolizumab,29575,atc,,,,0,,1,,other,other,other,,carried
Pemetrexed monotherapy,5720,hemonc,1,0,0,0,1,1,Chemotherapy; Supportive therapy,other,other_recommended,other,ALK Non-small cell lung cancer; Breast cancer; Cervical cancer; Malignant pleural mesothelioma; Non-small cell lung cancer; Non-small cell lung cancer nonsquamous; Ovarian cancer; Urothelial carcinoma,carried
Pemigatinib monotherapy,13367,hemonc,0,0,1,0,0,1,Targeted therapy,other,other,other,Cholangiocarcinoma,carried
PEN,17123,hemonc,1,0,0,0,1,1,Chemotherapy; Glucocorticoid therapy,other,other,other,Diffuse large B-cell lymphoma,carried
Penpulimab monotherapy,113976,hemonc,0,1,0,0,0,1,Immunotherapy,other,other,other,Classical Hodgkin lymphoma,carried
Pentostatin monotherapy,5126,hemonc,1,0,0,0,1,1,Chemotherapy; Supportive therapy,other,other,other,B-cell acute lymphoblastic leukemia; Hairy cell leukemia,carried
Pertuzumab and T-DM1,9585,hemonc,0,0,1,0,0,1,Antibody-drug conjugate therapy; Targeted therapy,other,other,other,Breast cancer; ERBB2 Breast cancer,carried
Pertuzumab and Trastuzumab,9691,hemonc,0,0,1,0,0,1,Targeted therapy,other,other,other,Breast cancer; Colorectal cancer; ERBB2 Breast cancer; ERBB2 Colorectal cancer; Malignant solid neoplasm ERBB2-mutated,carried
Pertuzumab and Trastuzumab hyaluronidase monotherapy,120663,hemonc,0,0,1,0,0,1,Targeted therapy,other,other,other,Breast cancer; ERBB2 Breast cancer,carried
PET,6085,hemonc,1,0,0,0,0,1,Chemotherapy,other,other,cisplatin,Breast cancer,carried
PEV,31026,hemonc,1,0,0,0,0,1,Chemotherapy,other,other,cisplatin,Non-small cell lung cancer,carried
Pexidartinib monotherapy,38013,hemonc,0,0,1,0,0,1,Targeted therapy,other,other,other,Tenosynovial giant cell tumor,carried
PF,10195,hemonc,1,0,0,0,0,1,Chemotherapy,other,other,other,Breast cancer,carried
PFT,10224,hemonc,1,0,0,1,0,1,Chemotherapy; Endocrine therapy,other,other,other,Breast cancer; ER Breast cancer,carried
PGC,5416,hemonc,1,0,0,0,0,1,Chemotherapy,other,cisplatin,cisplatin,Bladder cancer; Urothelial carcinoma,carried
Pimitespib monotherapy,75339,hemonc,0,0,1,0,0,1,Targeted therapy,other,other,other,Gastrointestinal stromal tumor,carried
Pirtobrutinib monotherapy,32500,hemonc,0,0,1,0,0,1,Targeted therapy,other,other,other,Chronic lymphocytic leukemia; Mantle cell lymphoma,carried
Pixantrone monotherapy,16588,hemonc,1,0,0,0,0,1,Chemotherapy,other,other,other,Diffuse large B-cell lymphoma,carried
Plicamycin monotherapy,37573,hemonc,1,0,0,0,0,1,Chemotherapy,other,other,other,Testicular cancer,carried
PMitCEBO,17130,hemonc,1,0,0,0,1,1,Chemotherapy; Glucocorticoid therapy,other,other,other,Diffuse large B-cell lymphoma,carried
Pola-R-CHP,59028,hemonc,1,0,1,0,1,1,Antibody-drug conjugate therapy; Chemotherapy; Glucocorticoid therapy; Targeted therapy,other,other,other,Diffuse large B-cell lymphoma; High-grade B-cell lymphoma,carried
Pomalidomide and Dexamethasone (Pd),50298,hemonc,0,0,1,0,1,1,Glucocorticoid therapy; Supportive therapy; Targeted therapy,other,other,other,Light-chain (AL) amyloidosis; Multiple myeloma,carried
Pomalidomide and Prednisone,27730,hemonc,0,0,1,0,1,1,Glucocorticoid therapy; Supportive therapy; Targeted therapy,other,other,other,Multiple myeloma; Myelofibrosis,carried
Pomalidomide monotherapy,27496,hemonc,0,0,1,0,1,1,Supportive therapy; Targeted therapy,other,other,other,Kaposi sarcoma; Multiple myeloma; Myelofibrosis,carried
"Pomalidomide, Dexamethasone, Pembrolizumab",28154,hemonc,0,1,1,0,1,1,Glucocorticoid therapy; Immunotherapy; Targeted therapy,other,other,other,Multiple myeloma,carried
POMP,2204,hemonc,1,0,0,0,1,1,Chemotherapy; Glucocorticoid therapy; Supportive therapy,other,other,other,Acute myeloid leukemia; B-cell acute lymphoblastic leukemia,carried
Ponatinib and Blinatumomab,114000,hemonc,0,1,1,0,0,1,Immunotherapy; Targeted therapy,other,other,other,B-cell acute lymphoblastic leukemia; BCR::ABL1 B-cell acute lymphoblastic leukemia,carried
Ponatinib monotherapy,4920,hemonc,0,0,1,0,0,1,Targeted therapy,other,other,other,B-cell acute lymphoblastic leukemia; BCR::ABL1 B-cell acute lymphoblastic leukemia; Chronic myeloid leukemia,carried
"Ponatinib, Vincristine, Dexamethasone",141240,hemonc,1,0,1,0,1,1,Chemotherapy; Glucocorticoid therapy; Targeted therapy,other,other,other,B-cell acute lymphoblastic leukemia; BCR::ABL1 B-cell acute lymphoblastic leukemia,carried
Pralatrexate monotherapy,15535,hemonc,1,0,0,0,1,1,Chemotherapy; Supportive therapy,other,other,other,Cutaneous T-cell lymphoma; Peripheral T-cell lymphoma,carried
Pralsetinib monotherapy,62403,hemonc,0,0,1,0,0,1,Targeted therapy,other,other,other,Non-small cell lung cancer; RET Non-small cell lung cancer; RET Thyroid cancer; Thyroid cancer,carried
Prednisolone monotherapy,808,hemonc,0,0,0,0,1,0,Glucocorticoid therapy; Immunosuppressive therapy,other,other,other,Acquired hemophilia A; B-cell acute lymphoblastic leukemia; Multiple myeloma; Warm autoimmune hemolytic anemia,carried
Prednisone monotherapy,801,hemonc,0,0,0,0,1,0,Endocrine therapy; Glucocorticoid therapy; Immunosuppressive therapy,other,other,other,Acquired hemophilia A; B-cell acute lymphoblastic leukemia; B-cell acute lymphoblastic leukemia pediatric; BCR::ABL1 B-cell acute lymphoblastic leukemia; Graft versus host disease; Immune thrombocytopenia; Multiple myeloma; Myelofibrosis; Prostate cancer; T-cell acute lymphoblastic leukemia; Warm autoimmune hemolytic anemia,carried
Procarbazine monotherapy,10993,hemonc,1,0,0,0,1,1,Chemotherapy; Supportive therapy,other,other,other,CNS lymphoma; Glioblastoma,carried
ProMACE-CytaBOM,17149,hemonc,1,0,0,0,1,1,Chemotherapy; Glucocorticoid therapy; Supportive therapy,other,other,other,Diffuse large B-cell lymphoma,carried
ProMACE-MOPP,17156,hemonc,1,0,0,0,1,1,Chemotherapy; Glucocorticoid therapy,other,other,other,Diffuse large B-cell lymphoma; Follicular lymphoma,carried
PT,10225,hemonc,0,0,0,1,0,0,Endocrine therapy,other,other,other,Breast cancer; ER Breast cancer,carried
PVAG,23041,hemonc,1,0,0,0,1,1,Chemotherapy; Glucocorticoid therapy,other,other,other,Classical Hodgkin lymphoma,carried
PVD,27736,hemonc,0,0,1,0,1,1,Glucocorticoid therapy; Supportive therapy; Targeted therapy,other,other,other,Multiple myeloma,carried
PVeBV,37359,hemonc,1,0,0,0,0,1,Chemotherapy,other,other,cisplatin,Testicular cancer,carried
Quizartinib monotherapy,48960,hemonc,0,0,1,0,0,1,Targeted therapy,other,other,other,Acute myeloid leukemia; FLT3 Acute myeloid leukemia,carried
R-ACVBP,15863,hemonc,1,0,1,0,1,1,Chemotherapy; Glucocorticoid therapy; Supportive therapy; Targeted therapy,other,other,other,Diffuse large B-cell lymphoma,carried
R-BAC,12633,hemonc,1,0,1,0,1,1,Chemotherapy; Supportive therapy; Targeted therapy,other,other,other,Chronic lymphocytic leukemia; Mantle cell lymphoma,carried
R-BL,16128,hemonc,1,0,1,0,0,1,Chemotherapy; Targeted therapy,other,other,other,Diffuse large B-cell lymphoma; Mantle cell lymphoma,carried
R-CDOP,16135,hemonc,1,0,1,0,1,1,Chemotherapy; Glucocorticoid therapy; Supportive therapy; Targeted therapy,other,other,other,Diffuse large B-cell lymphoma; HIV-associated lymphoma,carried
R-CEOP90,70112,hemonc,1,0,1,0,1,1,Chemotherapy; Glucocorticoid therapy; Targeted therapy,other,other,other,Diffuse large B-cell lymphoma,carried
R-CHMP,16157,hemonc,1,0,1,0,1,1,Chemotherapy; Glucocorticoid therapy; Targeted therapy,other,other,other,Diffuse large B-cell lymphoma,carried
R-CHOEP-14,10846,hemonc,1,0,1,0,1,1,Chemotherapy; Glucocorticoid therapy; Supportive therapy; Targeted therapy,other,other,other,Diffuse large B-cell lymphoma,carried
R-CHOP,15921,hemonc,1,0,1,0,1,1,Chemotherapy; Glucocorticoid therapy; Supportive therapy; Targeted therapy,other,other,other,Diffuse large B-cell lymphoma; Follicular lymphoma; High-grade B-cell lymphoma; HIV-associated lymphoma; Hodgkin lymphoma nodular lymphocyte-predominant; Mantle cell lymphoma; Marginal zone lymphoma; Post-transplant lymphoproliferative disorder; Primary mediastinal B-cell lymphoma; Waldenstroem macroglobulinemia,carried
R-CHOP (Prednisolone),3383,hemonc,1,0,1,0,1,1,Chemotherapy; Glucocorticoid therapy; Supportive therapy; Targeted therapy,other,other,other,Diffuse large B-cell lymphoma; Mantle cell lymphoma; Primary mediastinal B-cell lymphoma,carried
R-CHOP (SC Rituximab),3414,hemonc,1,0,1,0,1,1,Chemotherapy; Glucocorticoid therapy; Targeted therapy,other,other,other,Diffuse large B-cell lymphoma,carried
R-CHOP-14,16066,hemonc,1,0,1,0,1,1,Chemotherapy; Glucocorticoid therapy; Supportive therapy; Targeted therapy,other,other,other,Diffuse large B-cell lymphoma,carried
R-CHOP-14 (Prednisolone),3428,hemonc,1,0,1,0,1,1,Chemotherapy; Glucocorticoid therapy; Supportive therapy; Targeted therapy,other,other,other,Diffuse large B-cell lymphoma; Mantle cell lymphoma; Primary mediastinal B-cell lymphoma,carried
R-CHOP-14 (SC Rituximab),48062,hemonc,1,0,1,0,1,1,Chemotherapy; Glucocorticoid therapy; Supportive therapy; Targeted therapy,other,other,other,Diffuse large B-cell lymphoma,carried
R-CHOP/R-DHAP,24516,hemonc,1,0,1,0,1,1,Chemotherapy; Glucocorticoid therapy; Targeted therapy,other,other,cisplatin,Mantle cell lymphoma,carried
R-CHVP+I,19212,hemonc,1,0,1,0,1,1,Chemotherapy; Glucocorticoid therapy; Targeted therapy,other,other,other,Follicular lymphoma,carried
R-CMD,19363,hemonc,1,0,1,0,1,1,Chemotherapy; Glucocorticoid therapy; Targeted therapy,other,other,other,Follicular lymphoma,carried
R-CODOX-M,10639,hemonc,1,0,1,0,1,1,Chemotherapy; Supportive therapy; Targeted therapy,other,other,other,Burkitt lymphoma; HIV-associated lymphoma,carried
R-CODOX-M/R-IVAC,10647,hemonc,1,0,1,0,1,1,Chemotherapy; Supportive therapy; Targeted therapy,other,other,other,Burkitt lymphoma; HIV-associated lymphoma; Mantle cell lymphoma,carried
R-CP,33650,hemonc,1,0,1,0,1,1,Chemotherapy; Glucocorticoid therapy; Targeted therapy,other,other,other,Post-transplant lymphoproliferative disorder,carried
R-CVEP,16603,hemonc,1,0,1,0,1,1,Chemotherapy; Glucocorticoid therapy; Targeted therapy,other,other,other,Diffuse large B-cell lymphoma,carried
R-CVP,19046,hemonc,1,0,1,0,1,1,Chemotherapy; Glucocorticoid therapy; Supportive therapy; Targeted therapy,other,other,other,Follicular lymphoma; Hodgkin lymphoma nodular lymphocyte-predominant; Mantle cell lymphoma; Marginal zone lymphoma,carried
R-DexaBEAM,16296,hemonc,1,0,1,0,1,1,Chemotherapy; Glucocorticoid therapy; Targeted therapy,other,other,other,Diffuse large B-cell lymphoma; Follicular lymphoma,carried
R-DHAC,24453,hemonc,1,0,1,0,1,1,Chemotherapy; Glucocorticoid therapy; Targeted therapy,other,other,carboplatin,Mantle cell lymphoma,carried
R-DHAOx,16299,hemonc,1,0,1,0,1,1,Chemotherapy; Glucocorticoid therapy; Supportive therapy; Targeted therapy,other,other,other,Diffuse large B-cell lymphoma; Mantle cell lymphoma,carried
R-DHAP,16306,hemonc,1,0,1,0,1,1,Chemotherapy; Glucocorticoid therapy; Supportive therapy; Targeted therapy,other,other,cisplatin,Diffuse large B-cell lymphoma; Mantle cell lymphoma; Primary mediastinal B-cell lymphoma; Transformed lymphoma,carried
R-DHAP/R-VIM,16314,hemonc,1,0,1,0,1,1,Chemotherapy; Glucocorticoid therapy; Targeted therapy,other,other,cisplatin,Diffuse large B-cell lymphoma,carried
R-EPOCH,16321,hemonc,1,0,1,0,1,1,Chemotherapy; Glucocorticoid therapy; Supportive therapy; Targeted therapy,other,other,other,Diffuse large B-cell lymphoma; Hodgkin lymphoma nodular lymphocyte-predominant; Transformed lymphoma,carried
R-ESHAP,16328,hemonc,1,0,1,0,1,1,Chemotherapy; Glucocorticoid therapy; Targeted therapy,other,other,cisplatin,Diffuse large B-cell lymphoma,carried
R-FCM,12266,hemonc,1,0,1,0,1,1,Chemotherapy; Supportive therapy; Targeted therapy,other,other,other,Chronic lymphocytic leukemia; Follicular lymphoma; Mantle cell lymphoma,carried
R-FM,19236,hemonc,1,0,1,0,0,1,Chemotherapy; Targeted therapy,other,other,other,Follicular lymphoma,carried
R-FND,19243,hemonc,1,0,1,0,1,1,Chemotherapy; Glucocorticoid therapy; Targeted therapy,other,other,other,Follicular lymphoma,carried
R-GCVP,16164,hemonc,1,0,1,0,1,1,Chemotherapy; Glucocorticoid therapy; Supportive therapy; Targeted therapy,other,other,other,Diffuse large B-cell lymphoma,carried
R-GDP,16336,hemonc,1,0,1,0,1,1,Chemotherapy; Glucocorticoid therapy; Targeted therapy,other,other,cisplatin,Diffuse large B-cell lymphoma; Primary mediastinal B-cell lymphoma; Transformed lymphoma,carried
R-GemOx,16610,hemonc,1,0,1,0,1,1,Chemotherapy; Supportive therapy; Targeted therapy,other,other,other,Diffuse large B-cell lymphoma,carried
R-HAD,144238,hemonc,1,0,1,0,1,1,Chemotherapy; Glucocorticoid therapy; Targeted therapy,other,other,other,,carried
R-HiDAC,24456,hemonc,1,0,1,0,0,1,Chemotherapy; Targeted therapy,other,other,other,Mantle cell lymphoma,carried
R-Hyper-CVAD/R-MA,4573,hemonc,1,0,1,0,1,1,Chemotherapy; Glucocorticoid therapy; Supportive therapy; Targeted therapy,other,other,other,B-cell acute lymphoblastic leukemia; Burkitt lymphoma; Diffuse large B-cell lymphoma; Mantle cell lymphoma,carried
R-IFE,16173,hemonc,1,0,1,0,1,1,Chemotherapy; Supportive therapy; Targeted therapy,other,other,other,Diffuse large B-cell lymphoma,carried
R-INO,16629,hemonc,0,0,1,0,0,1,Antibody-drug conjugate therapy; Targeted therapy,other,other,other,Diffuse large B-cell lymphoma; Follicular lymphoma,carried
R-MCP,10984,hemonc,1,0,1,0,1,1,Chemotherapy; Glucocorticoid therapy; Targeted therapy,other,other,other,Follicular lymphoma,carried
R-miniCEOP,16107,hemonc,1,0,1,0,1,1,Chemotherapy; Glucocorticoid therapy; Supportive therapy; Targeted therapy,other,other,other,Diffuse large B-cell lymphoma,carried
R-MPV,10999,hemonc,1,0,1,0,1,1,Chemotherapy; Supportive therapy; Targeted therapy,other,other,other,CNS lymphoma,carried
R-NIMP,16376,hemonc,1,0,1,0,1,1,Chemotherapy; Glucocorticoid therapy; Supportive therapy; Targeted therapy,other,other,other,Diffuse large B-cell lymphoma,carried
R-THP-COP,136129,hemonc,1,0,1,0,1,1,Chemotherapy; Glucocorticoid therapy; Targeted therapy,other,other,other,Diffuse large B-cell lymphoma,carried
R-VAD+C,24625,hemonc,1,0,1,0,1,1,Chemotherapy; Glucocorticoid therapy; Targeted therapy,other,other,other,Mantle cell lymphoma,carried
"R, then CHOP",33649,hemonc,1,0,1,0,1,1,Chemotherapy; Glucocorticoid therapy; Supportive therapy; Targeted therapy,other,other,other,Post-transplant lymphoproliferative disorder,carried
R2-CHOP,16187,hemonc,1,0,1,0,1,1,Chemotherapy; Glucocorticoid therapy; Supportive therapy; Targeted therapy,other,other,other,Diffuse large B-cell lymphoma,carried
RABVD,22633,hemonc,1,0,1,0,0,1,Chemotherapy; Targeted therapy,other,other,other,Classical Hodgkin lymphoma,carried
Radotinib monotherapy,13214,hemonc,0,0,1,0,0,1,Targeted therapy,other,other,other,Chronic myeloid leukemia,carried
Raltitrexed monotherapy,94443,hemonc,1,0,0,0,0,1,Chemotherapy,other,other,other,Colorectal cancer,carried
Ramucirumab monotherapy,18539,hemonc,0,0,1,0,0,1,Targeted therapy,other,other,other,Esophageal adenocarcinoma; Gastric cancer; Hepatocellular carcinoma,carried
Ravulizumab monotherapy,94612,hemonc,0,0,0,0,1,0,Immunosuppressive therapy,other,other,other,Atypical hemolytic uremic syndrome; Paroxysmal nocturnal hemoglobinuria,carried
RCC,12188,hemonc,1,0,1,0,0,1,Chemotherapy; Targeted therapy,other,other,other,Chronic lymphocytic leukemia,carried
Regorafenib monotherapy,11801,hemonc,0,0,1,0,1,1,Supportive therapy; Targeted therapy,other,other,other,Cholangiocarcinoma; Clear cell renal cell carcinoma; Colorectal cancer; Gallbladder cancer; Gastric cancer; Gastrointestinal stromal tumor; Hepatocellular carcinoma; KRAS Colorectal cancer; Leiomyosarcoma; Osteosarcoma; Renal cell carcinoma; Soft tissue sarcoma,carried
Relugolix monotherapy,61898,hemonc,0,0,0,1,0,0,Endocrine therapy,other,other,other,Prostate cancer,carried
Remestemcel-L monotherapy,150099,none,,,,0,,0,,other,other,other,,carried
Repotrectinib monotherapy,136157,hemonc,0,0,1,0,0,1,Targeted therapy,other,other,other,Non-small cell lung cancer; RET Non-small cell lung cancer; ROS1 Non-small cell lung cancer,carried
Retifanlimab monotherapy,114476,hemonc,0,1,0,0,0,1,Immunotherapy,other,other,other,Merkel cell carcinoma,carried
RICER,16369,hemonc,1,0,1,0,1,1,Chemotherapy; Supportive therapy; Targeted therapy,other,other,carboplatin,Diffuse large B-cell lymphoma,carried
RiPAD+C,24618,hemonc,1,0,1,0,1,1,Chemotherapy; Glucocorticoid therapy; Targeted therapy,other,other,other,Mantle cell lymphoma,carried
Ripretinib monotherapy,18400,hemonc,0,0,1,0,0,1,Targeted therapy,other,other,other,Gastrointestinal stromal tumor,carried
Rituximab monotherapy,810,hemonc,0,0,1,0,1,1,Immunosuppressive therapy; Supportive therapy; Targeted therapy,other,other,other,Acquired hemophilia A; Acquired thrombotic thrombocytopenic purpura; Antiphospholipid antibody syndrome; Castleman disease; Chronic lymphocytic leukemia; Classical Hodgkin lymphoma; CNS lymphoma; Cold agglutinin disease; Diffuse large B-cell lymphoma; Follicular lymphoma; Hairy cell leukemia; HIV-associated lymphoma; Hodgkin lymphoma nodular lymphocyte-predominant; Immune thrombocytopenia; Inherited coagulopathy; MALT lymphoma; Mantle cell lymphoma; Marginal zone lymphoma; Post-transplant lymphoproliferative disorder; Waldenstroem macroglobulinemia,carried
Rivaroxaban monotherapy,3575,hemonc,0,0,0,0,1,0,Anticoagulation,other,other,other,Antiphospholipid antibody syndrome; Heparin-induced thrombocytopenia; Venous thromboembolism,carried
Romidepsin monotherapy,15542,hemonc,1,0,1,0,0,1,Chemotherapy; Targeted therapy,other,other,other,Cutaneous T-cell lymphoma; Peripheral T-cell lymphoma,carried
Romiplostim monotherapy,23980,hemonc,0,0,0,0,1,0,Growth factor therapy,other,other,other,Immune thrombocytopenia,carried
Ropeginterferon alfa-2b monotherapy,111468,hemonc,0,1,0,0,0,1,Immunotherapy,other,other,other,Polycythemia vera,carried
Rucaparib monotherapy,32005,hemonc,0,0,1,0,0,1,Targeted therapy,other,other,other,BRCA Prostate cancer; Ovarian cancer; Prostate cancer,carried
Ruxolitinib monotherapy,1882,hemonc,0,0,1,0,1,1,Immunosuppressive therapy; Supportive therapy; Targeted therapy,other,other,other,Acute myeloid leukemia; Chronic lymphocytic leukemia; Essential thrombocythemia; Graft versus host disease; Hypereosinophilic syndrome; Myelofibrosis; Polycythemia vera,carried
RVD,26216,hemonc,0,0,1,0,1,1,Glucocorticoid therapy; Supportive therapy; Targeted therapy,other,other,other,Multiple myeloma,carried
RVDC,26217,hemonc,1,0,1,0,1,1,Chemotherapy; Glucocorticoid therapy; Supportive therapy; Targeted therapy,other,other,other,Multiple myeloma,carried
RVR,38664,hemonc,0,0,1,0,0,1,Targeted therapy,other,other,other,Waldenstroem macroglobulinemia,carried
S-1 monotherapy,7920,hemonc,1,0,0,0,0,1,Chemotherapy,other,other,other,Breast cancer; Colon cancer; Colorectal cancer; Esophageal cancer; Gallbladder cancer; Gastric cancer; Non-small cell lung cancer; Non-small cell lung cancer squamous; Pancreatic cancer; Rectal cancer,carried
Sacituzumab govitecan monotherapy,13710,hemonc,0,0,1,0,0,1,Antibody-drug conjugate therapy,other,other_recommended,other,Breast cancer; ER Breast cancer; TNBC Breast cancer; Urothelial carcinoma,carried
Sargramostim monotherapy,115408,hemonc,0,1,0,0,1,1,Growth factor therapy; Immunotherapy,other,other,other,Melanoma,carried
SCAB,23566,hemonc,1,0,0,0,0,1,Chemotherapy,other,other,other,Classical Hodgkin lymphoma,carried
SDd,61921,hemonc,0,0,1,0,1,1,Glucocorticoid therapy; Targeted therapy,other,other,other,Multiple myeloma,carried
Selinexor and Dexamethasone (Sd),96863,hemonc,0,0,1,0,1,1,Glucocorticoid therapy; Targeted therapy,other,other,other,Multiple myeloma,carried
Selinexor monotherapy,62466,hemonc,0,0,1,0,0,1,Targeted therapy,other,other,other,Diffuse large B-cell lymphoma; Transformed lymphoma,carried
Selpercatinib monotherapy,18504,hemonc,0,0,1,0,0,1,Targeted therapy,other,other,other,Malignant solid neoplasm RET-mutated; Non-small cell lung cancer; RET Non-small cell lung cancer; RET Thyroid cancer; Thyroid cancer; Thyroid cancer medullary,carried
Selumetinib monotherapy,96875,hemonc,0,0,1,0,0,1,Targeted therapy,other,other,other,Low-grade serous ovarian cancer; Uveal melanoma,carried
Serplulimab monotherapy,136198,hemonc,0,1,0,0,0,1,Immunotherapy,other,other,other,Mismatch repair deficient malignancy,carried
SHAI,2224,hemonc,1,0,0,0,0,1,Chemotherapy,other,other,other,Acute myeloid leukemia,carried
Siltuximab monotherapy,11204,hemonc,0,0,0,0,1,0,Immunosuppressive therapy; Supportive therapy,other,other,other,Castleman disease,carried
Sintilimab monotherapy,111513,hemonc,0,1,0,0,0,1,Immunotherapy,other,other,other,Classical Hodgkin lymphoma; Non-small cell lung cancer squamous,carried
Sirolimus and Vorinostat,23684,hemonc,0,0,1,0,1,1,Immunosuppressive therapy; Targeted therapy,other,other,other,Classical Hodgkin lymphoma,carried
SMF,75620,hemonc,1,0,0,0,0,1,Chemotherapy,other,other,other,Pancreatic cancer,carried
SMILE,18827,hemonc,1,0,0,0,1,1,Chemotherapy; Glucocorticoid therapy; Supportive therapy,other,other,other,Extranodal NK- and T-cell lymphoma nasal type; NK- and T-cell lymphoma,carried
Sonidegib monotherapy,15588,hemonc,0,0,1,0,0,1,Targeted therapy,other,other,other,Cutaneous basal cell carcinoma,carried
Sorafenib monotherapy,1602,hemonc,0,0,1,0,0,1,Targeted therapy,other,other,other,Acute myeloid leukemia; Clear cell renal cell carcinoma; Desmoid tumor; FLT3 Acute myeloid leukemia; Gastrointestinal stromal tumor; Hepatocellular carcinoma; Non-small cell lung cancer nonsquamous; Osteosarcoma; Renal cell carcinoma; Thyroid cancer; Thyroid cancer differentiated; Thyroid cancer medullary,carried
Sotorasib and Panitumumab,136234,hemonc,0,0,1,0,0,1,Targeted therapy,other,other,other,Colorectal cancer; ERBB2 Colorectal cancer; KRAS Colorectal cancer,carried
Sotorasib monotherapy,63490,hemonc,0,0,1,0,0,1,Targeted therapy,other,other,other,KRAS Non-small cell lung cancer; Non-small cell lung cancer; Pancreatic cancer,carried
SOX and Bevacizumab,49015,hemonc,1,0,1,0,0,1,Chemotherapy; Targeted therapy,other,other,other,Colorectal cancer,carried
Stanford V,21163,hemonc,1,0,0,0,1,1,Chemotherapy; Glucocorticoid therapy; Supportive therapy,other,other,other,Classical Hodgkin lymphoma; HIV-associated lymphoma,carried
Sugemalimab monotherapy,72842,hemonc,0,1,0,0,0,1,Immunotherapy,other,other,other,Non-small cell lung cancer,carried
Sunitinib monotherapy,20636,hemonc,0,0,1,0,0,1,Targeted therapy,other,other,other,Clear cell renal cell carcinoma; Gastrointestinal stromal tumor; Hepatocellular carcinoma; Non-clear cell renal cell carcinoma; Pancreatic NET; Papillary renal cell carcinoma; Pheochromocytoma; Renal cell carcinoma; Small cell lung cancer; Testicular cancer; Thymoma; Thyroid cancer differentiated; Thyroid cancer medullary,carried
Suramin monotherapy,45475,hemonc,1,0,0,0,0,1,Chemotherapy,other,other,other,Prostate cancer,carried
Sutimlimab monotherapy,62485,hemonc,0,0,0,0,1,0,Immunosuppressive therapy,other,other,other,Cold agglutinin disease,carried
SVd,62486,hemonc,0,0,1,0,1,1,Glucocorticoid therapy; Targeted therapy,other,other,other,Multiple myeloma,carried
T-AC,64402,hemonc,1,0,0,0,0,1,Chemotherapy,other,other,other,Breast cancer; TNBC Breast cancer,carried
T-ddEC,129494,hemonc,1,0,0,0,1,1,Chemotherapy; Supportive therapy,other,other,other,Breast cancer; TNBC Breast cancer,carried
T-EC,64403,hemonc,1,0,0,0,0,1,Chemotherapy,other,other,other,Breast cancer; TNBC Breast cancer,carried
T-FAC,75384,hemonc,1,0,0,0,0,1,Chemotherapy,other,other,other,Breast cancer,carried
T-FEC,73485,hemonc,1,0,0,0,0,1,Chemotherapy,other,other,other,Breast cancer; ERBB2 Breast cancer,carried
Tabelecleucel monotherapy,114495,hemonc,0,1,0,0,0,1,Immunotherapy,other,other,other,Post-transplant lymphoproliferative disorder,carried
TAD (Tamoxifen),10503,hemonc,0,0,0,1,1,0,Endocrine therapy; Supportive therapy,other,other,other,Breast cancer; ER Breast cancer,carried
TAD (Thalidomide),26832,hemonc,1,0,1,0,1,1,Chemotherapy; Glucocorticoid therapy; Targeted therapy,other,other,other,Multiple myeloma,carried
Tagraxofusp monotherapy,5728,hemonc,0,0,1,0,0,1,Targeted therapy,other,other,other,Blastic plasmacytoid dendritic cell neoplasm,carried
Talazoparib monotherapy,8270,hemonc,0,0,1,0,0,1,Targeted therapy,other,other,other,BRCA Breast cancer; Breast cancer,carried
Talimogene laherparepvec monotherapy,25318,hemonc,0,1,0,0,0,1,Immunotherapy,other,other,other,Melanoma,carried
Talquetamab and Teclistamab,150402,atc,,,,0,,1,,other,other,other,,carried
Talquetamab monotherapy,120804,hemonc,0,1,0,0,0,1,Immunotherapy,other,other,other,Multiple myeloma,carried
Tamoxifen and Prednisolone,9196,hemonc,0,0,0,1,0,0,Endocrine therapy,other,other,other,Breast cancer; ER Breast cancer,carried
Tamoxifen and Trastuzumab,136287,hemonc,0,0,1,1,0,1,Endocrine therapy; Targeted therapy,other,other,other,Breast cancer; ER|ERBB2 Breast cancer,carried
Tamoxifen monotherapy,6131,hemonc,0,0,0,1,0,0,Endocrine therapy,other,other,other,Breast cancer; Endometrial cancer; ER Breast cancer; Hepatocellular carcinoma; Hereditary hemorrhagic telangiectasia; Low-grade serous ovarian cancer; Ovarian cancer,carried
Tamoxifen-Anastrozole,118336,hemonc,0,0,0,1,0,0,Endocrine therapy,other,other,other,Breast cancer; ER Breast cancer,carried
Tamoxifen-Exemestane,118337,hemonc,0,0,0,1,0,0,Endocrine therapy,other,other,other,Breast cancer; ER Breast cancer,carried
Tarlatamab monotherapy,141443,hemonc,0,1,0,0,0,1,Immunotherapy,other,other,other,Small cell lung cancer,carried
Tazemetostat monotherapy,54225,hemonc,0,0,1,0,0,1,Targeted therapy,other,other,other,Epithelioid sarcoma; Follicular lymphoma,carried
TC-H (Docetaxel),136304,hemonc,1,0,1,0,0,1,Chemotherapy; Targeted therapy,other,other,other,Breast cancer; ERBB2 Breast cancer,carried
TCH (Docetaxel),9487,hemonc,1,0,1,0,1,1,Chemotherapy; Supportive therapy; Targeted therapy,other,other,carboplatin,Breast cancer; ERBB2 Breast cancer,carried
"TCHP (Docetaxel, SC Trastuzumab)",141451,hemonc,1,0,1,0,0,1,Chemotherapy; Targeted therapy,other,other,carboplatin,Breast cancer; ERBB2 Breast cancer,carried
TCP,11218,hemonc,1,0,1,0,1,1,Chemotherapy; Glucocorticoid therapy; Targeted therapy,other,other,other,Castleman disease,carried
TCyH (Docetaxel),9488,hemonc,1,0,1,0,1,1,Chemotherapy; Supportive therapy; Targeted therapy,other,other,other,Breast cancer; ERBB2 Breast cancer,carried
Tebentafusp monotherapy,47727,hemonc,0,1,0,0,0,1,Immunotherapy,other,other,other,Uveal melanoma,carried
Teclistamab monotherapy,110063,hemonc,0,1,0,0,0,1,Immunotherapy,other,other,other,Multiple myeloma,carried
"Tegafur, Uracil, Folinic acid",13973,hemonc,1,0,0,0,0,1,Chemotherapy,other,other,other,Colon cancer; Colorectal cancer,carried
Temozolomide and Bevacizumab,25802,hemonc,1,0,1,0,1,1,Chemotherapy; Supportive therapy; Targeted therapy,other,other,other,Melanoma; Pancreatic NET,carried
Temozolomide and Thalidomide,32664,hemonc,1,0,1,0,0,1,Chemotherapy; Targeted therapy,other,other,other,Pancreatic NET,carried
Temozolomide monotherapy,1519,hemonc,1,0,0,0,1,1,Chemotherapy; Supportive therapy,other,other,other,Acute myeloid leukemia; Anaplastic glioma; CNS lymphoma; Glioblastoma; High-grade glioma pediatric; Low-grade glioma; Low-grade glioma pediatric; Melanoma; Myelodysplastic syndrome; Neuroendocrine tumor; Pancreatic NET; Small cell lung cancer; Soft tissue sarcoma; Uveal melanoma,carried
Temsirolimus and Rituximab,24857,hemonc,0,0,1,0,0,1,Targeted therapy,other,other,other,Mantle cell lymphoma,carried
Temsirolimus monotherapy,11051,hemonc,0,0,1,0,1,1,Supportive therapy; Targeted therapy,other,other,other,CNS lymphoma; Diffuse large B-cell lymphoma; Endometrial cancer; Follicular lymphoma; Mantle cell lymphoma; Renal cell carcinoma,carried
Teniposide monotherapy,36331,hemonc,1,0,0,0,0,1,Chemotherapy,other,other,other,Non-small cell lung cancer; Small cell lung cancer,carried
Tepotinib monotherapy,61163,hemonc,0,0,1,0,0,1,Targeted therapy,other,other,other,MET Non-small cell lung cancer; Non-small cell lung cancer,carried
TH-ECH (Docetaxel),150431,atc,,,,0,,1,,other,other,other,,carried
"TH-FEC (Docetaxel, SC Trastuzumab)",38870,hemonc,1,0,1,0,0,1,Chemotherapy; Targeted therapy,other,other,other,Breast cancer; ERBB2 Breast cancer,carried
TH-FEC (Docetaxel),73034,hemonc,1,0,1,0,0,1,Chemotherapy; Targeted therapy,other,other,other,Breast cancer; ERBB2 Breast cancer,carried
TH-FEC and H (Paclitaxel),73504,hemonc,1,0,1,0,0,1,Chemotherapy; Targeted therapy,other,other,other,Breast cancer; ERBB2 Breast cancer,carried
Thalidomide and Dexamethasone (TD),26267,hemonc,0,0,1,0,1,1,Glucocorticoid therapy; Supportive therapy; Targeted therapy,other,other,other,Light-chain (AL) amyloidosis; Multiple myeloma,carried
Thalidomide and Prednisolone (TP),26679,hemonc,0,0,1,0,1,1,Glucocorticoid therapy; Targeted therapy,other,other,other,Multiple myeloma,carried
Thalidomide monotherapy,26270,hemonc,0,0,1,0,1,1,Supportive therapy; Targeted therapy,other,other,other,Multiple myeloma; Polycythemia vera; Smoldering multiple myeloma,carried
Thioguanine monotherapy,38574,hemonc,1,0,0,0,0,1,Chemotherapy,other,other,other,Waldenstroem macroglobulinemia,carried
THL (Paclitaxel),5785,hemonc,1,0,1,0,0,1,Chemotherapy; Targeted therapy,other,other,other,Breast cancer; ERBB2 Breast cancer,carried
THP (Docetaxel),6027,hemonc,1,0,1,0,0,1,Chemotherapy; Targeted therapy,other,other,other,Breast cancer; ERBB2 Breast cancer,carried
TIP,33273,hemonc,1,0,0,0,1,1,Chemotherapy; Supportive therapy,other,other,cisplatin,Penile cancer; Testicular cancer,carried
Tislelizumab monotherapy,75394,hemonc,0,1,0,0,0,1,Immunotherapy,other,other_recommended,other,Classical Hodgkin lymphoma; Esophageal squamous cell carcinoma; Hepatocellular carcinoma; Non-small cell lung cancer; Urothelial carcinoma,carried
Tisotumab vedotin monotherapy,71308,hemonc,0,0,1,0,0,1,Antibody-drug conjugate therapy,other,other,other,Cervical cancer,carried
Tivozanib monotherapy,99554,hemonc,0,0,1,0,0,1,Targeted therapy,other,other,other,Clear cell renal cell carcinoma; Renal cell carcinoma,carried
TMF,10226,hemonc,1,0,0,0,0,1,Chemotherapy,other,other,other,Breast cancer,carried
Tocilizumab monotherapy,11225,hemonc,0,0,0,0,1,0,Immunosuppressive therapy,other,other,other,Castleman disease,carried
Topotecan and Bevacizumab,32297,hemonc,1,0,1,0,0,1,Chemotherapy; Targeted therapy,other,other,other,Ovarian cancer,carried
Topotecan monotherapy,11058,hemonc,1,0,0,0,1,1,Chemotherapy; Supportive therapy,other,other,other,Cervical cancer; CNS lymphoma; Endometrial cancer; HRD Ovarian cancer; Low-grade serous ovarian cancer; Ovarian cancer; Small cell lung cancer,carried
Toremifene and Trastuzumab,136335,hemonc,0,0,1,1,0,1,Endocrine therapy; Targeted therapy,other,other,other,Breast cancer; ER|ERBB2 Breast cancer,carried
Toremifene monotherapy,8858,hemonc,0,0,0,1,0,0,Endocrine therapy,other,other,other,Breast cancer; ER Breast cancer,carried
Toripalimab monotherapy,114203,hemonc,0,1,0,0,0,1,Immunotherapy,other,other_recommended,other,Melanoma; Nasopharyngeal carcinoma; Urothelial carcinoma,carried
Tovorafenib monotherapy,141488,hemonc,0,0,1,0,0,1,Targeted therapy,other,other,other,Low-grade glioma pediatric,carried
TPC,9692,hemonc,1,0,0,0,0,1,Chemotherapy,other,other,cisplatin,Nasopharyngeal carcinoma,carried
Trabectedin monotherapy,32298,hemonc,1,0,0,0,1,1,Chemotherapy; Supportive therapy,other,other,other,Leiomyosarcoma; Liposarcoma; Ovarian cancer; Soft tissue sarcoma,carried
Trametinib monotherapy,25886,hemonc,0,0,1,0,0,1,Targeted therapy,other,other,other,BRAF Melanoma; Low-grade serous ovarian cancer; Melanoma,carried
Trastuzumab and hyaluronidase monotherapy,38874,hemonc,0,0,1,0,0,1,Targeted therapy,other,other,other,Breast cancer; ERBB2 Breast cancer,carried
Trastuzumab deruxtecan monotherapy,3594,hemonc,0,0,1,0,0,1,Antibody-drug conjugate therapy,other,other,other,Breast cancer; Colorectal cancer; ERBB2 Breast cancer; ERBB2 Colorectal cancer; ERBB2 Gastric cancer; ERBB2 Non-small cell lung cancer; Gastric cancer; Malignant solid neoplasm ERBB2-mutated; Non-small cell lung cancer,carried
Trastuzumab emtansine monotherapy,17428,hemonc,0,0,1,0,0,1,Antibody-drug conjugate therapy,other,other,other,Breast cancer; ER|ERBB2 Breast cancer; ERBB2 Breast cancer; Malignant solid neoplasm ERBB2-mutated,carried
Trastuzumab monotherapy,6132,hemonc,0,0,1,0,0,1,Targeted therapy,other,other,other,Breast cancer; ERBB2 Breast cancer,carried
Treosulfan monotherapy,32305,hemonc,1,0,0,0,0,1,Chemotherapy,other,other,other,Ovarian cancer,carried
Trifluridine and tipiracil and Bevacizumab,18840,hemonc,1,0,1,0,0,1,Chemotherapy; Targeted therapy,other,other,other,Colorectal cancer,carried
Trifluridine and tipiracil monotherapy,15184,hemonc,1,0,0,0,0,1,Chemotherapy,other,other,other,Colorectal cancer; Gastric cancer; KRAS Colorectal cancer,carried
Triptorelin monotherapy,54242,hemonc,0,0,0,1,0,0,Endocrine therapy,other,other,other,Prostate cancer,carried
TT4,23874,hemonc,0,0,0,0,1,0,Immunosuppressive therapy,other,other,other,Immune thrombocytopenia,carried
TTR,16648,hemonc,1,0,1,0,1,1,Chemotherapy; Supportive therapy; Targeted therapy,other,other,other,Diffuse large B-cell lymphoma,carried
Tucatinib and Trastuzumab,114220,hemonc,0,0,1,0,0,1,Targeted therapy,other,other,other,Colorectal cancer; ERBB2 Colorectal cancer,carried
TVAD (Pegylated liposomal doxorubicin substituted),26864,hemonc,1,0,1,0,1,1,Chemotherapy; Glucocorticoid therapy; Targeted therapy,other,other,other,Multiple myeloma,carried
TX-CEX,19199,hemonc,1,0,0,0,0,1,Chemotherapy,other,other,other,Breast cancer; TNBC Breast cancer,carried
UFT monotherapy,35274,hemonc,1,0,0,0,0,1,Chemotherapy,other,other,other,Gastric cancer; Head and neck cancer; Non-small cell lung cancer; Non-small cell lung cancer nonsquamous; Rectal cancer,carried
UFTM,20308,hemonc,1,0,0,0,0,1,Chemotherapy,other,other,other,Gastric cancer,carried
Umbralisib monotherapy,61178,hemonc,0,0,1,0,0,1,Targeted therapy,other,other,other,Follicular lymphoma; Marginal zone lymphoma,carried
V-FEC,73167,hemonc,1,0,0,0,0,1,Chemotherapy,other,other,other,Breast cancer; ERBB2 Breast cancer,carried
V-HyperCAD,27755,hemonc,1,0,1,0,1,1,Chemotherapy; Glucocorticoid therapy; Supportive therapy; Targeted therapy,other,other,other,Multiple myeloma,carried
VA,35912,hemonc,1,0,0,0,0,1,Chemotherapy,other,other,other,Rhabdomyosarcoma,carried
VABE,17163,hemonc,1,0,0,0,1,1,Chemotherapy; Glucocorticoid therapy; Supportive therapy,other,other,other,Diffuse large B-cell lymphoma,carried
VAC,35925,hemonc,1,0,0,0,0,1,Chemotherapy,other,other,other,Rhabdomyosarcoma,carried
VACA,18681,hemonc,1,0,0,0,1,1,Chemotherapy; Supportive therapy,other,other,other,Ewing sarcoma,carried
VACOP-B,17164,hemonc,1,0,0,0,1,1,Chemotherapy; Glucocorticoid therapy,other,other,other,Diffuse large B-cell lymphoma,carried
VAD,26237,hemonc,1,0,0,0,1,1,Chemotherapy; Glucocorticoid therapy; Supportive therapy,other,other,other,Multiple myeloma,carried
VAD (Pegylated liposomal doxorubicin substituted),26872,hemonc,1,0,0,0,1,1,Chemotherapy; Glucocorticoid therapy; Supportive therapy,other,other,other,Multiple myeloma,carried
VAD and Cyclosporine,28179,hemonc,1,0,0,0,1,1,Chemotherapy; Glucocorticoid therapy; Immunosuppressive therapy,other,other,other,Multiple myeloma,carried
VAD+C,24631,hemonc,1,0,0,0,1,1,Chemotherapy; Glucocorticoid therapy,other,other,other,Mantle cell lymphoma,carried
VAI,18705,hemonc,1,0,0,0,1,1,Chemotherapy; Supportive therapy,other,other,other,Ewing sarcoma; Rhabdomyosarcoma,carried
Valemetostat monotherapy,136366,hemonc,0,0,1,0,0,1,Targeted therapy,other,other,other,Adult T-cell leukemia-lymphoma,carried
VAMP,27942,hemonc,1,0,0,0,1,1,Chemotherapy; Glucocorticoid therapy,other,other,other,Multiple myeloma,carried
VAMP (Amethopterin),2169,hemonc,1,0,0,0,1,1,Chemotherapy; Glucocorticoid therapy,other,other,other,Acute myeloid leukemia,carried
VAMP (Methotrexate),22553,hemonc,1,0,0,0,1,1,Chemotherapy; Glucocorticoid therapy,other,other,other,Classical Hodgkin lymphoma pediatric,carried
Vandetanib monotherapy,37807,hemonc,0,0,1,0,0,1,Targeted therapy,other,other,other,Thyroid cancer differentiated; Thyroid cancer medullary,carried
VAP,10529,hemonc,1,0,0,0,0,1,Chemotherapy; Endocrine therapy,other,other,other,Breast cancer,carried
VBM (Vincristine),33280,hemonc,1,0,0,0,0,1,Chemotherapy,other,other,other,Penile cancer,carried
VBMCP,27903,hemonc,1,0,0,0,1,1,Chemotherapy; Glucocorticoid therapy,other,other,other,Multiple myeloma,carried
VCAP,17172,hemonc,1,0,0,0,1,1,Chemotherapy; Glucocorticoid therapy,other,other,other,Diffuse large B-cell lymphoma,carried
VCP,27988,hemonc,1,0,0,0,1,1,Chemotherapy; Glucocorticoid therapy,other,other,other,High-grade glioma pediatric; Medulloblastoma,carried
VcR-CVAD,24632,hemonc,1,0,1,0,1,1,Chemotherapy; Glucocorticoid therapy; Supportive therapy; Targeted therapy,other,other,other,Mantle cell lymphoma,carried
VDC,24299,hemonc,1,0,1,0,1,1,Chemotherapy; Glucocorticoid therapy; Supportive therapy; Targeted therapy,other,other,other,Light-chain (AL) amyloidosis; Multiple myeloma,carried
VeIP,37415,hemonc,1,0,0,0,1,1,Chemotherapy; Supportive therapy,other,other,cisplatin,Non-small cell lung cancer; Testicular cancer,carried
Vemurafenib monotherapy,5142,hemonc,0,0,1,0,0,1,Targeted therapy,other,other,other,BRAF Melanoma; BRAF Thyroid cancer; CNS melanoma; Erdheim-Chester disease; Hairy cell leukemia; Langerhans cell histiocytosis; Malignant solid neoplasm BRAF-mutated; Melanoma; Multiple myeloma; Thyroid cancer,carried
Ven-Kd,141524,hemonc,0,0,1,0,1,1,Glucocorticoid therapy; Targeted therapy,other,other,other,Multiple myeloma,carried
Venetoclax monotherapy,12640,hemonc,0,0,1,0,0,1,Targeted therapy,other,other,other,Chronic lymphocytic leukemia; Multiple myeloma; Waldenstroem macroglobulinemia,carried
VEPA,17179,hemonc,1,0,0,0,1,1,Chemotherapy; Glucocorticoid therapy,other,other,other,Diffuse large B-cell lymphoma,carried
VEPEMB,23048,hemonc,1,0,0,0,1,1,Chemotherapy; Glucocorticoid therapy,other,other,other,Classical Hodgkin lymphoma,carried
VH-FEC,73304,hemonc,1,0,1,0,0,1,Chemotherapy; Targeted therapy,other,other,other,Breast cancer; ERBB2 Breast cancer,carried
VIDE,18703,hemonc,1,0,0,0,1,1,Chemotherapy; Supportive therapy,other,other,other,Ewing sarcoma,carried
VIE,35970,hemonc,1,0,0,0,1,1,Chemotherapy; Supportive therapy,other,other,other,Rhabdomyosarcoma,carried
Vimseltinib monotherapy,144680,none,,,,0,,0,,other,other,other,,carried
Vinblastine and Methylprednisolone,144459,hemonc,1,0,0,0,1,1,Chemotherapy; Glucocorticoid therapy,other,other,other,,carried
Vinblastine monotherapy,23330,hemonc,1,0,0,0,0,1,Chemotherapy,other,other,other,Classical Hodgkin lymphoma; Prostate cancer; Renal cell carcinoma,carried
Vincristine and Prednisone,4356,hemonc,1,0,0,0,1,1,Chemotherapy; Glucocorticoid therapy,other,other,other,B-cell acute lymphoblastic leukemia; B-cell acute lymphoblastic leukemia pediatric; Chronic myeloid leukemia; Diffuse large B-cell lymphoma,carried
Vincristine liposomal monotherapy,4760,hemonc,1,0,0,0,0,1,Chemotherapy,other,other,other,B-cell acute lymphoblastic leukemia,carried
Vincristine monotherapy,37668,hemonc,1,0,0,0,0,1,Chemotherapy,other,other,other,Acquired thrombotic thrombocytopenic purpura; Wilms tumor,carried
Vindesine monotherapy,31206,hemonc,1,0,0,0,0,1,Chemotherapy,other,other,other,Non-small cell lung cancer,carried
Vinflunine monotherapy,5727,hemonc,1,0,0,0,0,1,Chemotherapy,other,other_recommended,other,Urothelial carcinoma,carried
Vinorelbine and Bevacizumab,8249,hemonc,1,0,1,0,0,1,Chemotherapy; Targeted therapy,other,other,other,Breast cancer,carried
Vinorelbine and Margetuximab,62019,hemonc,1,0,1,0,0,1,Chemotherapy; Targeted therapy,other,other,other,Breast cancer; ERBB2 Breast cancer,carried
Vinorelbine and Trastuzumab (VH),6945,hemonc,1,0,1,0,0,1,Chemotherapy; Targeted therapy,other,other,other,Breast cancer; ER|ERBB2 Breast cancer; ERBB2 Breast cancer,carried
Vinorelbine and Trastuzumab (VH) and Everolimus,19108,hemonc,1,0,1,0,0,1,Chemotherapy; Targeted therapy,other,other,other,Breast cancer; ERBB2 Breast cancer,carried
Vinorelbine monotherapy,6944,hemonc,1,0,0,0,1,1,Chemotherapy; Supportive therapy,other,other,other,BRCA Breast cancer; Breast cancer; Cervical cancer; Classical Hodgkin lymphoma; Diffuse large B-cell lymphoma; ER Breast cancer; Malignant pleural mesothelioma; Non-small cell lung cancer; Ovarian cancer; Small cell lung cancer; TNBC Breast cancer,carried
VIP,31220,hemonc,1,0,0,0,1,1,Chemotherapy; Supportive therapy,other,other,cisplatin,Non-small cell lung cancer; Small cell lung cancer; Testicular cancer; Thymoma,carried
VIPD,17246,hemonc,1,0,0,0,1,1,Chemotherapy; Glucocorticoid therapy; Supportive therapy,other,other,cisplatin,Diffuse large B-cell lymphoma; Extranodal NK- and T-cell lymphoma nasal type,carried
ViPOR,144461,hemonc,0,0,1,0,1,1,Glucocorticoid therapy; Targeted therapy,other,other,other,,carried
Vismodegib monotherapy,15595,hemonc,0,0,1,0,0,1,Targeted therapy,other,other,other,Cutaneous basal cell carcinoma; Malignant solid neoplasm SMO-mutated or PTCH-1-mutated (Hedgehog),carried
VMCP,27995,hemonc,1,0,0,0,1,1,Chemotherapy; Glucocorticoid therapy,other,other,other,Multiple myeloma,carried
VMD,24306,hemonc,1,0,1,0,1,1,Chemotherapy; Glucocorticoid therapy; Targeted therapy,other,other,other,Light-chain (AL) amyloidosis,carried
VMP,26214,hemonc,1,0,1,0,1,1,Chemotherapy; Glucocorticoid therapy; Supportive therapy; Targeted therapy,other,other,other,Multiple myeloma,carried
VMPT,26728,hemonc,1,0,1,0,1,1,Chemotherapy; Glucocorticoid therapy; Targeted therapy,other,other,other,Multiple myeloma,carried
VMV-VAC,36531,hemonc,1,0,0,0,0,1,Chemotherapy,other,other,other,Small cell lung cancer,carried
Vorasidenib monotherapy,120884,hemonc,0,0,1,0,0,1,Targeted therapy,other,other,other,,carried
Vorinostat and Rituximab,19705,hemonc,0,0,1,0,0,1,Targeted therapy,other,other,other,Follicular lymphoma,carried
Vorinostat monotherapy,2190,hemonc,0,0,1,0,0,1,Targeted therapy,other,other,other,Acute myeloid leukemia; Cutaneous T-cell lymphoma; Follicular lymphoma; Marginal zone lymphoma,carried
VR-CAP,24552,hemonc,1,0,1,0,1,1,Chemotherapy; Glucocorticoid therapy; Targeted therapy,other,other,other,Mantle cell lymphoma,carried
VR-CHOP,17199,hemonc,1,0,1,0,1,1,Chemotherapy; Glucocorticoid therapy; Supportive therapy; Targeted therapy,other,other,other,Diffuse large B-cell lymphoma; Follicular lymphoma; Mantle cell lymphoma,carried
VR-CP,19712,hemonc,1,0,1,0,1,1,Chemotherapy; Glucocorticoid therapy; Supportive therapy; Targeted therapy,other,other,other,Follicular lymphoma,carried
VTD,26215,hemonc,0,0,1,0,1,1,Glucocorticoid therapy; Supportive therapy; Targeted therapy,other,other,other,Multiple myeloma,carried
VTD-PACE,27068,hemonc,1,0,1,0,1,1,Chemotherapy; Glucocorticoid therapy; Targeted therapy,other,other,cisplatin,Multiple myeloma,carried
VTP,26706,hemonc,0,0,1,0,1,1,Glucocorticoid therapy; Supportive therapy; Targeted therapy,other,other,other,Multiple myeloma,carried
Warfarin monotherapy,3531,hemonc,0,0,0,0,1,0,Anticoagulation; Supportive therapy,other,other,other,Antiphospholipid antibody syndrome; Venous thromboembolism,carried
Zanidatamab monotherapy,150745,none,,,,0,,0,,other,other,other,,carried
Zanubrutinib and Obinutuzumab (ZO),141635,hemonc,0,0,1,0,0,1,Targeted therapy,other,other,other,Follicular lymphoma,carried
Zanubrutinib monotherapy,50483,hemonc,0,0,1,0,0,1,Targeted therapy,other,other,other,Chronic lymphocytic leukemia; Mantle cell lymphoma; Marginal zone lymphoma; Waldenstroem macroglobulinemia,carried
Zenocutuzumab monotherapy,150750,none,,,,0,,0,,other,other,other,,carried
Zimberelimab monotherapy,114298,hemonc,0,1,0,0,0,1,Immunotherapy,other,other,other,Classical Hodgkin lymphoma,carried
ZRd,27764,hemonc,0,0,1,0,1,1,Glucocorticoid therapy; Targeted therapy,other,other,other,Multiple myeloma,carried
